{
  "status": "success",
  "image_width": 962,
  "image_height": 2821,
  "detections": [
    [
      [
        [
          142,
          150
        ],
        [
          665,
          150
        ],
        [
          665,
          240
        ],
        [
          142,
          240
        ]
      ],
      [
        "BiM BiRLEŞtK HAGAzALAR 0 $",
        0.15248606538574136
      ]
    ],
    [
      [
        [
          166,
          233
        ],
        [
          377,
          233
        ],
        [
          377,
          293
        ],
        [
          166,
          293
        ]
      ],
      [
        "Erzene Mah",
        0.9448746292071059
      ]
    ],
    [
      [
        [
          396,
          238
        ],
        [
          425,
          238
        ],
        [
          425,
          281
        ],
        [
          396,
          281
        ]
      ],
      [
        "8",
        0.9999966621426779
      ]
    ],
    [
      [
        [
          527,
          218
        ],
        [
          599,
          218
        ],
        [
          599,
          270
        ],
        [
          527,
          270
        ]
      ],
      [
        "No;",
        0.6934623389447773
      ]
    ],
    [
      [
        [
          278,
          283
        ],
        [
          463,
          283
        ],
        [
          463,
          346
        ],
        [
          278,
          346
        ]
      ],
      [
        "Bornova/ 1:",
        0.35911131857076234
      ]
    ],
    [
      [
        [
          107,
          323
        ],
        [
          535,
          323
        ],
        [
          535,
          414
        ],
        [
          107,
          414
        ]
      ],
      [
        "BjVüK MPKELLEFLER VoM",
        0.07991994180819285
      ]
    ],
    [
      [
        [
          57,
          461
        ],
        [
          164,
          461
        ],
        [
          164,
          515
        ],
        [
          57,
          515
        ]
      ],
      [
        "TARih",
        0.5969784215939142
      ]
    ],
    [
      [
        [
          225,
          455
        ],
        [
          353,
          455
        ],
        [
          353,
          512
        ],
        [
          225,
          512
        ]
      ],
      [
        "13.12.",
        0.6781307852762459
      ]
    ],
    [
      [
        [
          57,
          516
        ],
        [
          145,
          516
        ],
        [
          145,
          568
        ],
        [
          57,
          568
        ]
      ],
      [
        "SAAT",
        0.8444274067878723
      ]
    ],
    [
      [
        [
          226,
          508
        ],
        [
          337,
          508
        ],
        [
          337,
          565
        ],
        [
          226,
          565
        ]
      ],
      [
        "19:25",
        0.9263010565343994
      ]
    ],
    [
      [
        [
          54,
          568
        ],
        [
          185,
          568
        ],
        [
          185,
          628
        ],
        [
          54,
          628
        ]
      ],
      [
        "FiŞ No",
        0.6977968000917235
      ]
    ],
    [
      [
        [
          225,
          562
        ],
        [
          316,
          562
        ],
        [
          316,
          616
        ],
        [
          225,
          616
        ]
      ],
      [
        "0186",
        0.9990987181663513
      ]
    ],
    [
      [
        [
          263,
          662
        ],
        [
          472,
          662
        ],
        [
          472,
          727
        ],
        [
          263,
          727
        ]
      ],
      [
        "BILGI  FISI",
        0.6387044183695589
      ]
    ],
    [
      [
        [
          47,
          797
        ],
        [
          124,
          797
        ],
        [
          124,
          857
        ],
        [
          47,
          857
        ]
      ],
      [
        "TuR",
        0.5278561175178585
      ]
    ],
    [
      [
        [
          131,
          812
        ],
        [
          146,
          812
        ],
        [
          146,
          840
        ],
        [
          131,
          840
        ]
      ],
      [
        "2",
        0.48001749214017764
      ]
    ],
    [
      [
        [
          305,
          775
        ],
        [
          441,
          775
        ],
        [
          441,
          835
        ],
        [
          305,
          835
        ]
      ],
      [
        "FATURA",
        0.898164678734106
      ]
    ],
    [
      [
        [
          43,
          838
        ],
        [
          272,
          838
        ],
        [
          272,
          918
        ],
        [
          43,
          918
        ]
      ],
      [
        "MSIERI V",
        0.3787751365823828
      ]
    ],
    [
      [
        [
          343,
          822
        ],
        [
          570,
          822
        ],
        [
          570,
          890
        ],
        [
          343,
          890
        ]
      ],
      [
        "11111111111",
        0.6500216357404978
      ]
    ],
    [
      [
        [
          51,
          958
        ],
        [
          232,
          958
        ],
        [
          232,
          1026
        ],
        [
          51,
          1026
        ]
      ],
      [
        "FATURA NO",
        0.462125761970644
      ]
    ],
    [
      [
        [
          268,
          931
        ],
        [
          594,
          931
        ],
        [
          594,
          1012
        ],
        [
          268,
          1012
        ]
      ],
      [
        "7122025075108849",
        0.7357869474134124
      ]
    ],
    [
      [
        [
          57,
          1051
        ],
        [
          440,
          1051
        ],
        [
          440,
          1131
        ],
        [
          57,
          1131
        ]
      ],
      [
        "TüRK KAHVESi 100G AE",
        0.7833593941039501
      ]
    ],
    [
      [
        [
          500,
          1045
        ],
        [
          568,
          1045
        ],
        [
          568,
          1099
        ],
        [
          500,
          1099
        ]
      ],
      [
        "9801",
        0.1800174117088318
      ]
    ],
    [
      [
        [
          729,
          1021
        ],
        [
          874,
          1021
        ],
        [
          874,
          1094
        ],
        [
          729,
          1094
        ]
      ],
      [
        "*49,50",
        0.8165857068712371
      ]
    ],
    [
      [
        [
          500,
          1106
        ],
        [
          568,
          1106
        ],
        [
          568,
          1158
        ],
        [
          500,
          1158
        ]
      ],
      [
        "%01",
        0.46159628690272864
      ]
    ],
    [
      [
        [
          733,
          1085
        ],
        [
          871,
          1085
        ],
        [
          871,
          1146
        ],
        [
          733,
          1146
        ]
      ],
      [
        "*60,00",
        0.49566683758634944
      ]
    ],
    [
      [
        [
          59,
          1123
        ],
        [
          260,
          1123
        ],
        [
          260,
          1189
        ],
        [
          59,
          1189
        ]
      ],
      [
        "EKMEK ODUN",
        0.45802842781813663
      ]
    ],
    [
      [
        [
          502,
          1161
        ],
        [
          574,
          1161
        ],
        [
          574,
          1213
        ],
        [
          502,
          1213
        ]
      ],
      [
        "9620",
        0.9587538242340088
      ]
    ],
