{
  "status": "success",
  "image_width": 821,
  "image_height": 2912,
  "detections": [
    [
      [
        [
          178,
          171
        ],
        [
          654,
          171
        ],
        [
          654,
          224
        ],
        [
          178,
          224
        ]
      ],
      [
        "BiM BurlesiK kAghzALAR €. S",
        0.021213978696718087
      ]
    ],
    [
      [
        [
          91,
          232
        ],
        [
          383,
          232
        ],
        [
          383,
          281
        ],
        [
          91,
          281
        ]
      ],
      [
        "{1 zone   Nahallesi",
        0.1694900377228146
      ]
    ],
    [
      [
        [
          393,
          234
        ],
        [
          422,
          234
        ],
        [
          422,
          270
        ],
        [
          393,
          270
        ]
      ],
      [
        "8",
        0.9998940257493736
      ]
    ],
    [
      [
        [
          444,
          214
        ],
        [
          781,
          214
        ],
        [
          781,
          283
        ],
        [
          444,
          283
        ]
      ],
      [
        "sokak Kapı Mo:Ju/n",
        0.3435494491480483
      ]
    ],
    [
      [
        [
          307,
          282
        ],
        [
          581,
          282
        ],
        [
          581,
          333
        ],
        [
          307,
          333
        ]
      ],
      [
        "1 Bornova/İ zuir",
        0.7290629620968871
      ]
    ],
    [
      [
        [
          143,
          332
        ],
        [
          725,
          332
        ],
        [
          725,
          385
        ],
        [
          143,
          385
        ]
      ],
      [
        "Büyük   Müikollefler VDN 1750051896",
        0.29369029977443045
      ]
    ],
    [
      [
        [
          303,
          439
        ],
        [
          565,
          439
        ],
        [
          565,
          488
        ],
        [
          303,
          488
        ]
      ],
      [
        "gideR PUSULASI",
        0.45304593198144544
      ]
    ],
    [
      [
        [
          66,
          544
        ],
        [
          372,
          544
        ],
        [
          372,
          593
        ],
        [
          66,
          593
        ]
      ],
      [
        "15. 12. 2025 18:39",
        0.7389416305396941
      ]
    ],
    [
      [
        [
          613,
          552
        ],
        [
          658,
          552
        ],
        [
          658,
          592
        ],
        [
          613,
          592
        ]
      ],
      [
        "No",
        0.7382488515617842
      ]
    ],
    [
      [
        [
          702,
          554
        ],
        [
          765,
          554
        ],
        [
          765,
          596
        ],
        [
          702,
          596
        ]
      ],
      [
        "352",
        0.7697726488113403
      ]
    ],
    [
      [
        [
          68,
          601
        ],
        [
          802,
          601
        ],
        [
          802,
          654
        ],
        [
          68,
          654
        ]
      ],
      [
        "ETTN7a96529a-846f-44b3-be26-bdd564ebed44",
        0.3945815372579292
      ]
    ],
    [
      [
        [
          68,
          662
        ],
        [
          245,
          662
        ],
        [
          245,
          713
        ],
        [
          68,
          713
        ]
      ],
      [
        "FAtuRh No",
        0.2971353378814292
      ]
    ],
    [
      [
        [
          266,
          660
        ],
        [
          568,
          660
        ],
        [
          568,
          713
        ],
        [
          266,
          713
        ]
      ],
      [
        "Ag02025009310029",
        0.590261770676852
      ]
    ],
    [
      [
        [
          66,
          778
        ],
        [
          229,
          778
        ],
        [
          229,
          840
        ],
        [
          66,
          840
        ]
      ],
      [
        "HGSTERI ;",
        0.4462468233597628
      ]
    ],
    [
      [
        [
          89,
          846
        ],
        [
          281,
          846
        ],
        [
          281,
          900
        ],
        [
          89,
          900
        ]
      ],
      [
        "Isim | ijnvan",
        0.4028127144721161
      ]
    ],
    [
      [
        [
          321,
          846
        ],
        [
          513,
          846
        ],
        [
          513,
          902
        ],
        [
          321,
          902
        ]
      ],
      [
        "BeRKKILINÇ",
        0.23458855012192742
      ]
    ],
    [
      [
        [
          89,
          906
        ],
        [
          245,
          906
        ],
        [
          245,
          959
        ],
        [
          89,
          959
        ]
      ],
      [
        "TckN /vkn",
        0.163213108275815
      ]
    ],
    [
      [
        [
          287,
          908
        ],
        [
          370,
          908
        ],
        [
          370,
          959
        ],
        [
          287,
          959
        ]
      ],
      [
        "2011=",
        0.9355965621830443
      ]
    ],
    [
      [
        [
          414,
          919
        ],
        [
          470,
          919
        ],
        [
          470,
          946
        ],
        [
          414,
          946
        ]
      ],
      [
        "414",
        0.07560810446739197
      ]
    ],
    [
      [
        [
          86,
          965
        ],
        [
          350,
          965
        ],
        [
          350,
          1025
        ],
        [
          86,
          1025
        ]
      ],
      [
        "Vergi  Dairesi:",
        0.35852933817657245
      ]
    ],
    [
      [
        [
          89,
          1026
        ],
        [
          372,
          1026
        ],
        [
          372,
          1077
        ],
        [
          89,
          1077
        ]
      ],
      [
        "Adres:eRzeNE KA.",
        0.21949225844419637
      ]
    ],
    [
      [
        [
          89,
          1147
        ],
        [
          258,
          1147
        ],
        [
          258,
          1196
        ],
        [
          89,
          1196
        ]
      ],
      [
        "Il: izmir",
        0.5141531895279232
      ]
    ],
    [
      [
        [
          86,
          1203
        ],
        [
          334,
          1203
        ],
        [
          334,
          1267
        ],
        [
          86,
          1267
        ]
      ],
      [
        "Ilçe; Bornova",
        0.562072251673072
      ]
    ],
    [
      [
        [
          91,
          1265
        ],
        [
          438,
          1265
        ],
        [
          438,
          1314
        ],
        [
          91,
          1314
        ]
      ],
      [
        "Tele fon:   5058612820",
        0.39486893742061574
      ]
    ],
    [
      [
        [
          94,
          1327
        ],
        [
          205,
          1327
        ],
        [
          205,
          1372
        ],
        [
          94,
          1372
        ]
      ],
      [
        "Email:",
        0.6786210300418463
      ]
    ],
    [
      [
        [
          76,
          1498
        ],
        [
          273,
          1498
        ],
        [
          273,
          1543
        ],
        [
          76,
          1543
        ]
      ],
      [
        "[ade Nedeni",
        0.405605367746634
      ]
    ],
    [
      [
        [
          288,
          1498
        ],
        [
          382,
          1498
        ],
        [
          382,
          1540
