{
  "status": "success",
  "image_width": 926,
  "image_height": 2321,
  "detections": [
    [
      [
        [
          105,
          221
        ],
        [
          875,
          221
        ],
        [
          875,
          305
        ],
        [
          105,
          305
        ]
      ],
      [
        "FŞRFF Can GTlA  tur  ins ve tic",
        0.05162575045484782
      ]
    ],
    [
      [
        [
          389,
          311
        ],
        [
          483,
          311
        ],
        [
          483,
          373
        ],
        [
          389,
          373
        ]
      ],
      [
        "LTi)",
        0.21342097222805023
      ]
    ],
    [
      [
        [
          111,
          379
        ],
        [
          633,
          379
        ],
        [
          633,
          445
        ],
        [
          111,
          445
        ]
      ],
      [
        "FkZene MH Fnknrf: Chd",
        0.04570669204225057
      ]
    ],
    [
      [
        [
          669,
          373
        ],
        [
          843,
          373
        ],
        [
          843,
          439
        ],
        [
          669,
          439
        ]
      ],
      [
        "NM)  1/2",
        0.26022964934032544
      ]
    ],
    [
      [
        [
          112,
          440
        ],
        [
          528,
          440
        ],
        [
          528,
          518
        ],
        [
          112,
          518
        ]
      ],
      [
        "EGE UnivERsitesi",
        0.6251031552063799
      ]
    ],
    [
      [
        [
          540,
          438
        ],
        [
          876,
          438
        ],
        [
          876,
          516
        ],
        [
          540,
          516
        ]
      ],
      [
        "2 ZiRAAT FAK ,",
        0.2798294812872748
      ]
    ],
    [
      [
        [
          309,
          510
        ],
        [
          658,
          510
        ],
        [
          658,
          590
        ],
        [
          309,
          590
        ]
      ],
      [
        "BORNuva   [ZMİR",
        0.6293466615427925
      ]
    ],
    [
      [
        [
          87,
          577
        ],
        [
          869,
          577
        ],
        [
          869,
          663
        ],
        [
          87,
          663
        ]
      ],
      [
        "HAAn TAHs İN VERG < DAIREsİ MUD",
        0.10161312242732014
      ]
    ],
    [
      [
        [
          366,
          662
        ],
        [
          627,
          662
        ],
        [
          627,
          731
        ],
        [
          366,
          731
        ]
      ],
      [
        "3811047631",
        0.89384473531029
      ]
    ],
    [
      [
        [
          96,
          746
        ],
        [
          355,
          746
        ],
        [
          355,
          814
        ],
        [
          96,
          814
        ]
      ],
      [
        "18-()4-2026",
        0.7924198882486655
      ]
    ],
    [
      [
        [
          560,
          748
        ],
        [
          736,
          748
        ],
        [
          736,
          826
        ],
        [
          560,
          826
        ]
      ],
      [
        "Fİs No",
        0.16594890755096148
      ]
    ],
    [
      [
        [
          731,
          771
        ],
        [
          745,
          771
        ],
        [
          745,
          799
        ],
        [
          731,
          799
        ]
      ],
      [
        "2",
        0.6927909704788284
      ]
    ],
    [
      [
        [
          791,
          745
        ],
        [
          917,
          745
        ],
        [
          917,
          814
        ],
        [
          791,
          814
        ]
      ],
      [
        "0055",
        0.5006889796718011
      ]
    ],
    [
      [
        [
          93,
          817
        ],
        [
          355,
          817
        ],
        [
          355,
          883
        ],
        [
          93,
          883
        ]
      ],
      [
        "SAat 14'36",
        0.24177577008340137
      ]
    ],
    [
      [
        [
          97,
          905
        ],
        [
          258,
          905
        ],
        [
          258,
          970
        ],
        [
          97,
          970
        ]
      ],
      [
        "[CECEK",
        0.37867663790591133
      ]
    ],
    [
      [
        [
          617,
          913
        ],
        [
          839,
          913
        ],
        [
          839,
          977
        ],
        [
          617,
          977
        ]
      ],
      [
        "'10 +390",
        0.32612246533012407
      ]
    ],
    [
      [
        [
          830,
          950
        ],
        [
          854,
          950
        ],
        [
          854,
          976
        ],
        [
          830,
          976
        ]
      ],
      [
        "8",
        0.36947852510189705
      ]
    ],
    [
      [
        [
          845,
          913
        ],
        [
          913,
          913
        ],
        [
          913,
          977
        ],
        [
          845,
          977
        ]
      ],
      [
        "00",
        0.9069745261392507
      ]
    ],
    [
      [
        [
          99,
          977
        ],
        [
          263,
          977
        ],
        [
          263,
          1013
        ],
        [
          99,
          1013
        ]
      ],
      [
        "Anatani",
        0.4121644292094318
      ]
    ],
    [
      [
        [
          272,
          984
        ],
        [
          326,
          984
        ],
        [
          326,
          1016
        ],
        [
          272,
          1016
        ]
      ],
      [
        "alJ",
        0.7681662581362588
      ]
    ],
    [
      [
        [
          748,
          986
        ],
        [
          828,
          986
        ],
        [
          828,
          1018
        ],
        [
          748,
          1018
        ]
      ],
      [
        "oon",
        0.22637155059153724
      ]
    ],
    [
      [
        [
          850,
          984
        ],
        [
          906,
          984
        ],
        [
          906,
          1016
        ],
        [
          850,
          1016
        ]
      ],
      [
        "0n",
        0.293693724343283
      ]
    ],
    [
      [
        [
          85,
          1017
        ],
        [
          205,
          1017
        ],
        [
          205,
          1103
        ],
        [
          85,
          1103
        ]
      ],
      [
        "KDV",
        0.9231470765944888
      ]
    ],
    [
      [
        [
          687,
          1023
        ],
        [
          905,
          1023
        ],
        [
          905,
          1113
        ],
        [
          687,
          1113
        ]
      ],
      [
        "835,45",
        0.40251805896730286
      ]
    ],
    [
      [
        [
          90,
          1086
        ],
        [
          202,
          1086
        ],
        [
          202,
          1164
        ],
        [
          90,
          1164
        ]
      ],
      [
        "TOP",
        0.5130631853981094
      ]
    ],
    [
      [
        [
          655,
          1091
        ],
        [
          911,
          1091
        ],
        [
          911,
          1183
        ],
        [
          655,
          1183
        ]
      ],
      [
        "*390; 06",
        0.42873213222064543
      ]
    ],
    [
      [
        [
          95,
          1167
        ],
        [
          281,
          1167
        ],
        [
          281,
          1229
        ],
        [
          95,
          1229
        ]
      ],
      [
        "EFT-FoS",
