{
  "status": "success",
  "image_width": 815,
  "image_height": 2403,
  "detections": [
    [
      [
        [
          137,
          17
        ],
        [
          585,
          17
        ],
        [
          585,
          105
        ],
        [
          137,
          105
        ]
      ],
      [
        "Bik BiRLESiK MAGAZaLAr A.$.",
        0.06339245201911045
      ]
    ],
    [
      [
        [
          274,
          82
        ],
        [
          340,
          82
        ],
        [
          340,
          132
        ],
        [
          274,
          132
        ]
      ],
      [
        "Mah",
        0.5691374121508692
      ]
    ],
    [
      [
        [
          356,
          90
        ],
        [
          452,
          90
        ],
        [
          452,
          140
        ],
        [
          356,
          140
        ]
      ],
      [
        "8.Sok .-",
        0.5342680719681586
      ]
    ],
    [
      [
        [
          468,
          96
        ],
        [
          596,
          96
        ],
        [
          596,
          146
        ],
        [
          468,
          146
        ]
      ],
      [
        "No:48/a",
        0.6288748629830264
      ]
    ],
    [
      [
        [
          254,
          125
        ],
        [
          481,
          125
        ],
        [
          481,
          189
        ],
        [
          254,
          189
        ]
      ],
      [
        "Bornova / izmir",
        0.5971861591948442
      ]
    ],
    [
      [
        [
          103,
          159
        ],
        [
          645,
          159
        ],
        [
          645,
          247
        ],
        [
          103,
          247
        ]
      ],
      [
        "BĂĽYĂĽk NĂĽKELLEFLER Vom 1750051846",
        0.3260982807013579
      ]
    ],
    [
      [
        [
          58,
          257
        ],
        [
          158,
          257
        ],
        [
          158,
          313
        ],
        [
          58,
          313
        ]
      ],
      [
        "TARAH",
        0.3973865808453798
      ]
    ],
    [
      [
        [
          206,
          268
        ],
        [
          385,
          268
        ],
        [
          385,
          325
        ],
        [
          206,
          325
        ]
      ],
      [
        "30 .03,.2026",
        0.6457612222242733
      ]
    ],
    [
      [
        [
          57,
          305
        ],
        [
          139,
          305
        ],
        [
          139,
          358
        ],
        [
          57,
          358
        ]
      ],
      [
        "SAAT",
        0.7071046233177185
      ]
    ],
    [
      [
        [
          206,
          316
        ],
        [
          302,
          316
        ],
        [
          302,
          366
        ],
        [
          206,
          366
        ]
      ],
      [
        "09:22",
        0.5955582886265707
      ]
    ],
    [
      [
        [
          58,
          354
        ],
        [
          170,
          354
        ],
        [
          170,
          406
        ],
        [
          58,
          406
        ]
      ],
      [
        "FiĹž NO",
        0.6589113581148361
      ]
    ],
    [
      [
        [
          206,
          362
        ],
        [
          286,
          362
        ],
        [
          286,
          412
        ],
        [
          206,
          412
        ]
      ],
      [
        "0009",
        0.8723411560058594
      ]
    ],
    [
      [
        [
          235,
          456
        ],
        [
          415,
          456
        ],
        [
          415,
          516
        ],
        [
          235,
          516
        ]
      ],
      [
        "BILGI FISI",
        0.7489722057919092
      ]
    ],
    [
      [
        [
          42,
          544
        ],
        [
          110,
          544
        ],
        [
          110,
          598
        ],
        [
          42,
          598
        ]
      ],
      [
        "TuR",
        0.3768718179531433
      ]
    ],
    [
      [
        [
          117,
          567
        ],
        [
          131,
          567
        ],
        [
          131,
          591
        ],
        [
          117,
          591
        ]
      ],
      [
        "{",
        0.04467067178326545
      ]
    ],
    [
      [
        [
          136,
          546
        ],
        [
          387,
          546
        ],
        [
          387,
          611
        ],
        [
          136,
          611
        ]
      ],
      [
        "E-ARSIV Fatura",
        0.3150935760308069
      ]
    ],
    [
      [
        [
          39,
          590
        ],
        [
          239,
          590
        ],
        [
          239,
          652
        ],
        [
          39,
          652
        ]
      ],
      [
        "KSTERI V",
        0.51316075995899
      ]
    ],
    [
      [
        [
          302,
          605
        ],
        [
          491,
          605
        ],
        [
          491,
          662
        ],
        [
          302,
          662
        ]
      ],
      [
        "11111111111",
        0.5620363438757828
      ]
    ],
    [
      [
        [
          40,
          693
        ],
        [
          204,
          693
        ],
        [
          204,
          750
        ],
        [
          40,
          750
        ]
      ],
      [
        "FATURA  No",
        0.566623966992575
      ]
    ],
    [
      [
        [
          235,
          700
        ],
        [
          512,
          700
        ],
        [
          512,
          767
        ],
        [
          235,
          767
        ]
      ],
      [
        "7032026173389614",
        0.9790477105517333
      ]
    ],
    [
      [
        [
          43,
          792
        ],
        [
          377,
          792
        ],
        [
          377,
          855
        ],
        [
          43,
          855
        ]
      ],
      [
        "YUMURTA 63-726 15 Li",
        0.30655802514955666
      ]
    ],
    [
      [
        [
          431,
          813
        ],
        [
          485,
          813
        ],
        [
          485,
          857
        ],
        [
          431,
          857
        ]
      ],
      [
        "901",
        0.611075749894436
      ]
    ],
    [
      [
        [
          618,
          816
        ],
        [
          729,
          816
        ],
        [
          729,
          870
        ],
        [
          618,
          870
        ]
      ],
      [
        "+99,00",
        0.9613977232721788
      ]
    ],
    [
      [
        [
          43,
          840
        ],
        [
          381,
          840
        ],
        [
          381,
          903
        ],
        [
          43,
          903
        ]
      ],
      [
        "SANDViĂ‡ EKMEÄž- 4*I00G",
        0.17785395861203576
      ]
    ],
    [
      [
        [
          429,
          859
        ],
        [
          485,
          859
        ],
        [
          485,
          903
        ],
        [
          429,
          903
        ]
      ],
      [
        "9o1",
        0.37194835605508353
      ]
    ],
    [
      [
        [
          618,
          866
        ],
        [
          728,
          866
        ],
        [
          728,
          914
        ],
        [
          618,
          914
        ]
      ],
      [
        "+66 ,00",
        0.5152702319694602
      ]
    ],
    [
      [
        [
          44,
          888
        ],
        [
          382,
          888
        ],
        [
          382,
          951
        ],
        [
          44,
          951
        ]
      ],
      [
        "ALIĹžVERiĹž POĹžETi BiM",
