{
  "status": "success",
  "image_width": 1057,
  "image_height": 2794,
  "detections": [
    [
      [
        [
          277,
          222
        ],
        [
          743,
          222
        ],
        [
          743,
          315
        ],
        [
          277,
          315
        ]
      ],
      [
        "BUENAS   RESTORAN",
        0.9693029649177818
      ]
    ],
    [
      [
        [
          431,
          310
        ],
        [
          715,
          310
        ],
        [
          715,
          387
        ],
        [
          431,
          387
        ]
      ],
      [
        "GiDA TURZ_",
        0.48768809084496606
      ]
    ],
    [
      [
        [
          219,
          371
        ],
        [
          913,
          371
        ],
        [
          913,
          472
        ],
        [
          219,
          472
        ]
      ],
      [
        "VE Tic.AŞ ERZENE MAH,83",
        0.4848014953025867
      ]
    ],
    [
      [
        [
          280,
          450
        ],
        [
          863,
          450
        ],
        [
          863,
          551
        ],
        [
          280,
          551
        ]
      ],
      [
        "NO:10 BORNOVA /İZMİR",
        0.5653057112323153
      ]
    ],
    [
      [
        [
          154,
          511
        ],
        [
          834,
          511
        ],
        [
          834,
          628
        ],
        [
          154,
          628
        ]
      ],
      [
        "BORNOVA V.D 8260527938",
        0.8150668275559028
      ]
    ],
    [
      [
        [
          5,
          611
        ],
        [
          211,
          611
        ],
        [
          211,
          713
        ],
        [
          5,
          713
        ]
      ],
      [
        "FİŞ NO",
        0.6961104720053802
      ]
    ],
    [
      [
        [
          281,
          649
        ],
        [
          423,
          649
        ],
        [
          423,
          728
        ],
        [
          281,
          728
        ]
      ],
      [
        "0027",
        0.8998254362169257
      ]
    ],
    [
      [
        [
          523,
          660
        ],
        [
          978,
          660
        ],
        [
          978,
          753
        ],
        [
          523,
          753
        ]
      ],
      [
        "TARIH: 18/04/26",
        0.6659545709164312
      ]
    ],
    [
      [
        [
          731,
          751
        ],
        [
          977,
          751
        ],
        [
          977,
          824
        ],
        [
          731,
          824
        ]
      ],
      [
        "22;24:57",
        0.3294082700803219
      ]
    ],
    [
      [
        [
          525,
          865
        ],
        [
          631,
          865
        ],
        [
          631,
          932
        ],
        [
          525,
          932
        ]
      ],
      [
        "%10",
        0.6600003742761352
      ]
    ],
    [
      [
        [
          731,
          872
        ],
        [
          982,
          872
        ],
        [
          982,
          948
        ],
        [
          731,
          948
        ]
      ],
      [
        "*2365.00",
        0.6358092042633409
      ]
    ],
    [
      [
        [
          9,
          973
        ],
        [
          216,
          973
        ],
        [
          216,
          1060
        ],
        [
          9,
          1060
        ]
      ],
      [
        "TOPKDV",
        0.9947667743857899
      ]
    ],
    [
      [
        [
          11,
          1049
        ],
        [
          219,
          1049
        ],
        [
          219,
          1137
        ],
        [
          11,
          1137
        ]
      ],
      [
        "TOPLAM",
        0.9433755535162529
      ]
    ],
    [
      [
        [
          760,
          1024
        ],
        [
          985,
          1024
        ],
        [
          985,
          1104
        ],
        [
          760,
          1104
        ]
      ],
      [
        "*215.00",
        0.8188119371456011
      ]
    ],
    [
      [
        [
          728,
          1097
        ],
        [
          987,
          1097
        ],
        [
          987,
          1181
        ],
        [
          728,
          1181
        ]
      ],
      [
        "*2365.00",
        0.7922566079817339
      ]
    ],
    [
      [
        [
          10,
          1202
        ],
        [
          547,
          1202
        ],
        [
          547,
          1306
        ],
        [
          10,
          1306
        ]
      ],
      [
        "BANKA /KREDİ KARTI",
        0.872169307805767
      ]
    ],
    [
      [
        [
          729,
          1248
        ],
        [
          986,
          1248
        ],
        [
          986,
          1329
        ],
        [
          729,
          1329
        ]
      ],
      [
        "*2365.00",
        0.7933806392034526
      ]
    ],
    [
      [
        [
          12,
          1279
        ],
        [
          391,
          1279
        ],
        [
          391,
          1369
        ],
        [
          12,
          1369
        ]
      ],
      [
        "Garanti Bbva",
        0.9979888248399849
      ]
    ],
    [
      [
        [
          11,
          1353
        ],
        [
          215,
          1353
        ],
        [
          215,
          1434
        ],
        [
          11,
          1434
        ]
      ],
      [
        "MERSIS",
        0.9861819106117675
      ]
    ],
    [
      [
        [
          281,
          1365
        ],
        [
          779,
          1365
        ],
        [
          779,
          1469
        ],
        [
          281,
          1469
        ]
      ],
      [
        "0826052793800001",
        0.8698293941746768
      ]
    ],
    [
      [
        [
          14,
          1427
        ],
        [
          101,
          1427
        ],
        [
          101,
          1492
        ],
        [
          14,
          1492
        ]
      ],
      [
        "I:",
        0.9964128303311167
      ]
    ],
    [
      [
        [
          135,
          1429
        ],
        [
          432,
          1429
        ],
        [
          432,
          1514
        ],
        [
          135,
          1514
        ]
      ],
      [
        "2652483",
        0.9994502573137904
      ]
    ],
    [
      [
        [
          536,
          1455
        ],
        [
          624,
          1455
        ],
        [
          624,
          1521
        ],
        [
          536,
          1521
        ]
      ],
      [
        "T:",
        0.9674537479057567
      ]
    ],
    [
      [
        [
          653,
          1460
        ],
        [
          987,
          1460
        ],
        [
          987,
          1541
        ],
        [
          653,
          1541
        ]
      ],
      [
        "04424165",
        0.995736999003445
      ]
    ],
    [
      [
        [
          8,
          1491
        ],
        [
          417,
          1491
        ],
        [
          417,
          1581
        ],
        [
          8,
          1581
        ]
      ],
      [
        "18/04/2026-22.25",
        0.8546083905362308
      ]
    ],
    [
      [
        [
          563,
          1522
        ],
        [
          992,
          1522
        ],
        [
          992,
          1603
        ],
        [
          563,
          1603
        ]
      ],
      [
        "B:000437 S:020789",
        0.8486710367551002
      ]
    ],
    [
      [
        [
          6,
          1551
        ],
        [
          466,
          1551
        ],
        [
          466,
          1638
        ],
        [
          6,
          1638
        ]
