{
  "status": "success",
  "image_width": 1039,
  "image_height": 2968,
  "detections": [
    [
      [
        [
          430,
          187
        ],
        [
          783,
          187
        ],
        [
          783,
          325
        ],
        [
          430,
          325
        ]
      ],
      [
        "7'Jlye:",
        0.08755080304265771
      ]
    ],
    [
      [
        [
          352,
          567
        ],
        [
          682,
          567
        ],
        [
          682,
          633
        ],
        [
          352,
          633
        ]
      ],
      [
        "E-Hrsiv Fatura",
        0.6039999836059593
      ]
    ],
    [
      [
        [
          192,
          632
        ],
        [
          800,
          632
        ],
        [
          800,
          720
        ],
        [
          192,
          720
        ]
      ],
      [
        "BIM BiRLeSIK hagazalar A.$",
        0.10355804290121232
      ]
    ],
    [
      [
        [
          85,
          724
        ],
        [
          451,
          724
        ],
        [
          451,
          793
        ],
        [
          85,
          793
        ]
      ],
      [
        "Erzene Mahallesi",
        0.5376211448556888
      ]
    ],
    [
      [
        [
          465,
          714
        ],
        [
          658,
          714
        ],
        [
          658,
          779
        ],
        [
          465,
          779
        ]
      ],
      [
        "8.  sokak",
        0.5975645286300398
      ]
    ],
    [
      [
        [
          775,
          694
        ],
        [
          954,
          694
        ],
        [
          954,
          768
        ],
        [
          775,
          768
        ]
      ],
      [
        "Ko:14/A",
        0.5579452554078888
      ]
    ],
    [
      [
        [
          335,
          808
        ],
        [
          380,
          808
        ],
        [
          380,
          853
        ],
        [
          335,
          853
        ]
      ],
      [
        "~1",
        0.8415893856136014
      ]
    ],
    [
      [
        [
          394,
          787
        ],
        [
          697,
          787
        ],
        [
          697,
          860
        ],
        [
          394,
          860
        ]
      ],
      [
        "Bornova/izmir",
        0.9065693071005336
      ]
    ],
    [
      [
        [
          149,
          847
        ],
        [
          884,
          847
        ],
        [
          884,
          949
        ],
        [
          149,
          949
        ]
      ],
      [
        "Büyük  Hükellefler VoH 1750051846",
        0.4660903244406032
      ]
    ],
    [
      [
        [
          60,
          932
        ],
        [
          657,
          932
        ],
        [
          657,
          1016
        ],
        [
          60,
          1016
        ]
      ],
      [
        "FATuRA  No:7122025084870300",
        0.48452664716795174
      ]
    ],
    [
      [
        [
          62,
          1017
        ],
        [
          427,
          1017
        ],
        [
          427,
          1083
        ],
        [
          62,
          1083
        ]
      ],
      [
        "15.12. 2025 18:41",
        0.7269216895159148
      ]
    ],
    [
      [
        [
          659,
          1006
        ],
        [
          829,
          1006
        ],
        [
          829,
          1063
        ],
        [
          659,
          1063
        ]
      ],
      [
        "Sira Mo",
        0.7284301618738032
      ]
    ],
    [
      [
        [
          884,
          1000
        ],
        [
          963,
          1000
        ],
        [
          963,
          1054
        ],
        [
          884,
          1054
        ]
      ],
      [
        "353",
        0.9998671679372619
      ]
    ],
    [
      [
        [
          59,
          1068
        ],
        [
          965,
          1068
        ],
        [
          965,
          1159
        ],
        [
          59,
          1159
        ]
      ],
      [
        "ETTH7Od23a69-2786-4130-bcab-c7c774c0f4ca",
        0.5678058243362876
      ]
    ],
    [
      [
        [
          205,
          1222
        ],
        [
          840,
          1222
        ],
        [
          840,
          1311
        ],
        [
          205,
          1311
        ]
      ],
      [
        "78868817512508210353",
        0.3381064453890561
      ]
    ],
    [
      [
        [
          59,
          1284
        ],
        [
          846,
          1284
        ],
        [
          846,
          1369
        ],
        [
          59,
          1369
        ]
      ],
      [
        "TcKn/vKn:i1lll1i1111-HIHAI   TüKETICI",
        0.07281200260362884
      ]
    ],
    [
      [
        [
          58,
          1362
        ],
        [
          604,
          1362
        ],
        [
          604,
          1439
        ],
        [
          58,
          1439
        ]
      ],
      [
        "LeGo Kahp ve okculuk %20",
        0.18617317619990936
      ]
    ],
    [
      [
        [
          768,
          1357
        ],
        [
          936,
          1357
        ],
        [
          936,
          1413
        ],
        [
          768,
          1413
        ]
      ],
      [
        "*539.00",
        0.9611957940719793
      ]
    ],
    [
      [
        [
          59,
          1444
        ],
        [
          294,
          1444
        ],
        [
          294,
          1507
        ],
        [
          59,
          1507
        ]
      ],
      [
        "Toplah Kdv",
        0.31814270367801634
      ]
    ],
    [
      [
        [
          789,
          1426
        ],
        [
          936,
          1426
        ],
        [
          936,
          1483
        ],
        [
          789,
          1483
        ]
      ],
      [
        "*89. 83",
        0.39164684805214295
      ]
    ],
    [
      [
        [
          57,
          1511
        ],
        [
          464,
          1511
        ],
        [
          464,
          1580
        ],
        [
          57,
          1580
        ]
      ],
      [
        "Odenecek KDV Dahi]",
        0.40304445690282137
      ]
    ],
    [
      [
        [
          480,
          1510
        ],
        [
          597,
          1510
        ],
        [
          597,
          1564
        ],
        [
          480,
          1564
        ]
      ],
      [
        "Tutar",
        0.9881430368233113
      ]
    ],
    [
      [
        [
          764,
          1497
        ],
        [
          934,
          1497
        ],
        [
          934,
          1558
        ],
        [
          764,
          1558
        ]
      ],
      [
        "+539. 00",
        0.8380177227988657
      ]
    ],
    [
      [
        [
          58,
          1593
        ],
        [
          180,
          1593
        ],
        [
          180,
          1650
        ],
        [
          58,
          1650
        ]
      ],
      [
        "Nakit",
        0.976265330010037
      ]
    ],
    [
      [
        [
          764,
          1569
        ],
        [
          934,
          1569
        ],
        [
          934,
          1630
        ],
        [
          764,
          1630
        ]
      ],
      [
        "*419. 00",
        0.6721418925261448
      ]
    ],
    [
      [
        [
          56,
          1649
        ],
        [
          534,
          1649
        ],
        [
          534,
          1724
        ],
        [
          56,
          1724
        ]
      ],
      [
        "Banka Kredi Kar tı   (1)",
        0.4316607137507036
      ]
    ],
    [
      [
        [
          762,
          1641
        ],
        [
