{
  "status": "success",
  "image_width": 645,
  "image_height": 2048,
  "detections": [
    [
      [
        [
          96,
          0
        ],
        [
          599,
          0
        ],
        [
          599,
          55
        ],
        [
          96,
          55
        ]
      ],
      [
        "HAKAN GURME   ŞARKİİTERİ",
        0.6147844285662221
      ]
    ],
    [
      [
        [
          225,
          51
        ],
        [
          445,
          51
        ],
        [
          445,
          95
        ],
        [
          225,
          95
        ]
      ],
      [
        "Hakan KARACA",
        0.24236873631672115
      ]
    ],
    [
      [
        [
          99,
          94
        ],
        [
          586,
          94
        ],
        [
          586,
          148
        ],
        [
          99,
          148
        ]
      ],
      [
        "FEvzipasa MH. 210 SK , No; 28/6",
        0.10393217394867987
      ]
    ],
    [
      [
        [
          240,
          138
        ],
        [
          430,
          138
        ],
        [
          430,
          194
        ],
        [
          240,
          194
        ]
      ],
      [
        "foÇa İZMİR",
        0.30893227937788537
      ]
    ],
    [
      [
        [
          66,
          188
        ],
        [
          604,
          188
        ],
        [
          604,
          242
        ],
        [
          66,
          242
        ]
      ],
      [
        "TEL :0232 812 3 812-05376307080",
        0.7629525408093102
      ]
    ],
    [
      [
        [
          152,
          240
        ],
        [
          290,
          240
        ],
        [
          290,
          294
        ],
        [
          152,
          294
        ]
      ],
      [
        "FoÇa vd",
        0.2294338065760523
      ]
    ],
    [
      [
        [
          309,
          234
        ],
        [
          514,
          234
        ],
        [
          514,
          287
        ],
        [
          309,
          287
        ]
      ],
      [
        "37960480894",
        0.9974270725212244
      ]
    ],
    [
      [
        [
          50,
          315
        ],
        [
          149,
          315
        ],
        [
          149,
          365
        ],
        [
          50,
          365
        ]
      ],
      [
        "tarih",
        0.17873679206097348
      ]
    ],
    [
      [
        [
          274,
          314
        ],
        [
          458,
          314
        ],
        [
          458,
          362
        ],
        [
          274,
          362
        ]
      ],
      [
        "12/04/2026",
        0.9903953717400732
      ]
    ],
    [
      [
        [
          50,
          370
        ],
        [
          130,
          370
        ],
        [
          130,
          418
        ],
        [
          50,
          418
        ]
      ],
      [
        "Saat",
        0.3066793382167816
      ]
    ],
    [
      [
        [
          275,
          365
        ],
        [
          425,
          365
        ],
        [
          425,
          413
        ],
        [
          275,
          413
        ]
      ],
      [
        "17.02: 22",
        0.6449948918812354
      ]
    ],
    [
      [
        [
          50,
          420
        ],
        [
          168,
          420
        ],
        [
          168,
          474
        ],
        [
          50,
          474
        ]
      ],
      [
        "FtŞ No",
        0.40186822822331936
      ]
    ],
    [
      [
        [
          274,
          418
        ],
        [
          358,
          418
        ],
        [
          358,
          466
        ],
        [
          274,
          466
        ]
      ],
      [
        "0029",
        0.9996833205223083
      ]
    ],
    [
      [
        [
          51,
          491
        ],
        [
          205,
          491
        ],
        [
          205,
          529
        ],
        [
          51,
          529
        ]
      ],
      [
        "TEMEI GidA",
        0.17326884074433288
      ]
    ],
    [
      [
        [
          382,
          500
        ],
        [
          434,
          500
        ],
        [
          434,
          532
        ],
        [
          382,
          532
        ]
      ],
      [
        "401",
        0.6465752564537283
      ]
    ],
    [
      [
        [
          455,
          499
        ],
        [
          593,
          499
        ],
        [
          593,
          541
        ],
        [
          455,
          541
        ]
      ],
      [
        "*1.580 ,00",
        0.7612899778398247
      ]
    ],
    [
      [
        [
          50,
          582
        ],
        [
          200,
          582
        ],
        [
          200,
          630
        ],
        [
          50,
          630
        ]
      ],
      [
        "TOPKDV",
        0.9991441573440154
      ]
    ],
    [
      [
        [
          445,
          582
        ],
        [
          594,
          582
        ],
        [
          594,
          633
        ],
        [
          445,
          633
        ]
      ],
      [
        "*15,64",
        0.577181766238303
      ]
    ],
    [
      [
        [
          50,
          634
        ],
        [
          202,
          634
        ],
        [
          202,
          682
        ],
        [
          50,
          682
        ]
      ],
      [
        "TOPLAM",
        0.9990787845192826
      ]
    ],
    [
      [
        [
          374,
          630
        ],
        [
          594,
          630
        ],
        [
          594,
          684
        ],
        [
          374,
          684
        ]
      ],
      [
        "*1.580,00",
        0.8720904388328512
      ]
    ],
    [
      [
        [
          46,
          734
        ],
        [
          148,
          734
        ],
        [
          148,
          791
        ],
        [
          46,
          791
        ]
      ],
      [
        "KREDİ",
        0.6693017637436418
      ]
    ],
    [
      [
        [
          429,
          731
        ],
        [
          600,
          731
        ],
        [
          600,
          785
        ],
        [
          429,
          785
        ]
      ],
      [
        "*1,580,00",
        0.7755535131668831
      ]
    ],
    [
      [
        [
          65,
          789
        ],
        [
          231,
          789
        ],
        [
          231,
          833
        ],
        [
          65,
          833
        ]
      ],
      [
        "VAKIFBANK",
        0.996210081403131
      ]
    ],
    [
      [
        [
          68,
          835
        ],
        [
          353,
          835
        ],
        [
          353,
          877
        ],
        [
          68,
          877
        ]
      ],
      [
        "4***********2911",
        0.3192476272965326
      ]
    ],
    [
      [
        [
          50,
          904
        ],
        [
          338,
          904
        ],
        [
          338,
          952
        ],
        [
          50,
          952
        ]
      ],
      [
        "T.SİCİL NO: 0000",
        0.7216053932286715
      ]
    ],
    [
      [
        [
          66,
          966
        ],
        [
          130,
          966
        ],
        [
          130,
          996
        ],
        [
          66,
          996
        ]
      ],
      [
        "Vİh",
        0.026239554574517588
      ]
    ],
    [
      [
        [
          134,
          951
        ],
        [
          392,
          951
        ],
        [
          392,
          1008
        ],
        [
          134,
          1008
        ]
      ],
      [
        "hakangurne . con",
        0.6494617385072919
