{
  "status": "success",
  "image_width": 1080,
  "image_height": 1920,
  "detections": [
    [
      [
        [
          334,
          138
        ],
        [
          678,
          138
        ],
        [
          678,
          170
        ],
        [
          334,
          170
        ]
      ],
      [
        "BIM BIRLESIK MAGAZALAR a.$",
        0.29743861157273693
      ]
    ],
    [
      [
        [
          348,
          166
        ],
        [
          496,
          166
        ],
        [
          496,
          192
        ],
        [
          348,
          192
        ]
      ],
      [
        "Erzene  Mah .",
        0.39271897657013366
      ]
    ],
    [
      [
        [
          504,
          166
        ],
        [
          576,
          166
        ],
        [
          576,
          192
        ],
        [
          504,
          192
        ]
      ],
      [
        "8 . Sok",
        0.8702576820500288
      ]
    ],
    [
      [
        [
          594,
          162
        ],
        [
          696,
          162
        ],
        [
          696,
          192
        ],
        [
          594,
          192
        ]
      ],
      [
        "No: 48/0",
        0.8027519756000716
      ]
    ],
    [
      [
        [
          426,
          190
        ],
        [
          602,
          190
        ],
        [
          602,
          218
        ],
        [
          426,
          218
        ]
      ],
      [
        "Bornova/ izmir",
        0.5490752687372741
      ]
    ],
    [
      [
        [
          304,
          214
        ],
        [
          538,
          214
        ],
        [
          538,
          244
        ],
        [
          304,
          244
        ]
      ],
      [
        "BuYuK   MUKELLEFLER",
        0.8456659831565582
      ]
    ],
    [
      [
        [
          545,
          211
        ],
        [
          741,
          211
        ],
        [
          741,
          247
        ],
        [
          545,
          247
        ]
      ],
      [
        "VDM 1750051846",
        0.6133692489954569
      ]
    ],
    [
      [
        [
          260,
          266
        ],
        [
          338,
          266
        ],
        [
          338,
          296
        ],
        [
          260,
          296
        ]
      ],
      [
        "TARtH",
        0.5717602149122794
      ]
    ],
    [
      [
        [
          384,
          268
        ],
        [
          530,
          268
        ],
        [
          530,
          298
        ],
        [
          384,
          298
        ]
      ],
      [
        "06.04 .2026",
        0.9679671937246429
      ]
    ],
    [
      [
        [
          258,
          294
        ],
        [
          320,
          294
        ],
        [
          320,
          326
        ],
        [
          258,
          326
        ]
      ],
      [
        "SAAT",
        0.5846632719039917
      ]
    ],
    [
      [
        [
          384,
          292
        ],
        [
          420,
          292
        ],
        [
          420,
          324
        ],
        [
          384,
          324
        ]
      ],
      [
        "19",
        0.9999405734607911
      ]
    ],
    [
      [
        [
          426,
          294
        ],
        [
          462,
          294
        ],
        [
          462,
          324
        ],
        [
          426,
          324
        ]
      ],
      [
        "49",
        0.9999854172215584
      ]
    ],
    [
      [
        [
          253,
          321
        ],
        [
          349,
          321
        ],
        [
          349,
          357
        ],
        [
          253,
          357
        ]
      ],
      [
        "FıŞ NO",
        0.447657428341728
      ]
    ],
    [
      [
        [
          382,
          322
        ],
        [
          446,
          322
        ],
        [
          446,
          352
        ],
        [
          382,
          352
        ]
      ],
      [
        "0322",
        0.9999815225601196
      ]
    ],
    [
      [
        [
          404,
          378
        ],
        [
          562,
          378
        ],
        [
          562,
          428
        ],
        [
          404,
          428
        ]
      ],
      [
        "BILGI FISI",
        0.6272625612492085
      ]
    ],
    [
      [
        [
          243,
          475
        ],
        [
          299,
          475
        ],
        [
          299,
          517
        ],
        [
          243,
          517
        ]
      ],
      [
        "TÜR",
        0.4017298385326171
      ]
    ],
    [
      [
        [
          328,
          467
        ],
        [
          538,
          467
        ],
        [
          538,
          516
        ],
        [
          328,
          516
        ]
      ],
      [
        "EARSIV FaTURA",
        0.19033947665408357
      ]
    ],
    [
      [
        [
          242,
          511
        ],
        [
          414,
          511
        ],
        [
          414,
          562
        ],
        [
          242,
          562
        ]
      ],
      [
        "KSTERI VN",
        0.5284679093513629
      ]
    ],
    [
      [
        [
          467,
          504
        ],
        [
          634,
          504
        ],
        [
          634,
          556
        ],
        [
          467,
          556
        ]
      ],
      [
        "11111111111",
        0.8209723322198615
      ]
    ],
    [
      [
        [
          251,
          601
        ],
        [
          387,
          601
        ],
        [
          387,
          643
        ],
        [
          251,
          643
        ]
      ],
      [
        "FATURA NO",
        0.3823868534651132
      ]
    ],
    [
      [
        [
          415,
          591
        ],
        [
          650,
          591
        ],
        [
          650,
          642
        ],
        [
          415,
          642
        ]
      ],
      [
        "7042026037943998",
        0.9372085118140462
      ]
    ],
    [
      [
        [
          256,
          679
        ],
        [
          539,
          679
        ],
        [
          539,
          723
        ],
        [
          256,
          723
        ]
      ],
      [
        "YUMURTA  10 LU 63-736",
        0.3922428807497683
      ]
    ],
    [
      [
        [
          581,
          677
        ],
        [
          629,
          677
        ],
        [
          629,
          713
        ],
        [
          581,
          713
        ]
      ],
      [
        "901",
        0.9436688113958008
      ]
    ],
    [
      [
        [
          743,
          669
        ],
        [
          837,
          669
        ],
        [
          837,
          709
        ],
        [
          743,
          709
        ]
      ],
      [
        "*87,50",
        0.9210299746796982
      ]
    ],
    [
      [
        [
          281,
          761
        ],
        [
          371,
          761
        ],
        [
          371,
          799
        ],
        [
          281,
          799
        ]
      ],
      [
        "TOPKDV",
        0.9127411299735733
      ]
    ],
    [
      [
        [
          753,
          751
        ],
        [
          831,
          751
        ],
        [
          831,
          789
        ],
        [
          753,
          789
        ]
      ],
      [
        "*0,87",
        0.5844756915910213
      ]
    ],
    [
      [
        [
          285,
          797
        ],
        [
          375,
          797
        ],
        [
          375,
          833
        ],
        [
          285,
          833
        ]
      ],
      [
        "TOPLAM",
        0.9914498829992565
