{
  "status": "success",
  "image_width": 715,
  "image_height": 2048,
  "detections": [
    [
      [
        [
          245,
          213
        ],
        [
          529,
          213
        ],
        [
          529,
          277
        ],
        [
          245,
          277
        ]
      ],
      [
        "CAN MARKET",
        0.8237228024606323
      ]
    ],
    [
      [
        [
          217,
          277
        ],
        [
          553,
          277
        ],
        [
          553,
          341
        ],
        [
          217,
          341
        ]
      ],
      [
        "MeRT HALİL AKtas",
        0.19738641341053095
      ]
    ],
    [
      [
        [
          115,
          329
        ],
        [
          654,
          329
        ],
        [
          654,
          402
        ],
        [
          115,
          402
        ]
      ],
      [
        "ISMETPAŞA MH. MERsİNAKİ CD",
        0.3708469381983668
      ]
    ],
    [
      [
        [
          177,
          388
        ],
        [
          585,
          388
        ],
        [
          585,
          451
        ],
        [
          177,
          451
        ]
      ],
      [
        "No; 166/35 FOÇA IZMIR",
        0.6117032665264155
      ]
    ],
    [
      [
        [
          272,
          443
        ],
        [
          505,
          443
        ],
        [
          505,
          504
        ],
        [
          272,
          504
        ]
      ],
      [
        "28636972980",
        0.9998638219299287
      ]
    ],
    [
      [
        [
          216,
          496
        ],
        [
          392,
          496
        ],
        [
          392,
          550
        ],
        [
          216,
          550
        ]
      ],
      [
        "FoÇa V.D.",
        0.4060196111041719
      ]
    ],
    [
      [
        [
          410,
          492
        ],
        [
          536,
          492
        ],
        [
          536,
          540
        ],
        [
          410,
          540
        ]
      ],
      [
        "TC No:",
        0.9230557630773589
      ]
    ],
    [
      [
        [
          60,
          572
        ],
        [
          170,
          572
        ],
        [
          170,
          624
        ],
        [
          60,
          624
        ]
      ],
      [
        "TARİH",
        0.7943193695947188
      ]
    ],
    [
      [
        [
          312,
          564
        ],
        [
          517,
          564
        ],
        [
          517,
          625
        ],
        [
          312,
          625
        ]
      ],
      [
        "12/04/2026",
        0.9999375344611103
      ]
    ],
    [
      [
        [
          60,
          630
        ],
        [
          150,
          630
        ],
        [
          150,
          678
        ],
        [
          60,
          678
        ]
      ],
      [
        "SaaT",
        0.4157535433769226
      ]
    ],
    [
      [
        [
          312,
          621
        ],
        [
          479,
          621
        ],
        [
          479,
          672
        ],
        [
          312,
          672
        ]
      ],
      [
        "14;18:50",
        0.788301088214282
      ]
    ],
    [
      [
        [
          59,
          679
        ],
        [
          189,
          679
        ],
        [
          189,
          741
        ],
        [
          59,
          741
        ]
      ],
      [
        "FİŞ NO",
        0.28718813568953283
      ]
    ],
    [
      [
        [
          310,
          676
        ],
        [
          398,
          676
        ],
        [
          398,
          726
        ],
        [
          310,
          726
        ]
      ],
      [
        "0031",
        0.9949564337730408
      ]
    ],
    [
      [
        [
          58,
          764
        ],
        [
          138,
          764
        ],
        [
          138,
          818
        ],
        [
          58,
          818
        ]
      ],
      [
        "GIDA",
        0.7597483992576599
      ]
    ],
    [
      [
        [
          424,
          754
        ],
        [
          488,
          754
        ],
        [
          488,
          806
        ],
        [
          424,
          806
        ]
      ],
      [
        "901",
        0.9428162936884253
      ]
    ],
    [
      [
        [
          540,
          750
        ],
        [
          666,
          750
        ],
        [
          666,
          802
        ],
        [
          540,
          802
        ]
      ],
      [
        "*480,00",
        0.6547389201201628
      ]
    ],
    [
      [
        [
          57,
          872
        ],
        [
          226,
          872
        ],
        [
          226,
          932
        ],
        [
          57,
          932
        ]
      ],
      [
        "TOPKDV",
        0.9958765773990319
      ]
    ],
    [
      [
        [
          596,
          864
        ],
        [
          658,
          864
        ],
        [
          658,
          914
        ],
        [
          596,
          914
        ]
      ],
      [
        "75",
        0.9979468733405676
      ]
    ],
    [
      [
        [
          58,
          929
        ],
        [
          227,
          929
        ],
        [
          227,
          989
        ],
        [
          58,
          989
        ]
      ],
      [
        "TOPLAM",
        0.9997465351032461
      ]
    ],
    [
      [
        [
          466,
          922
        ],
        [
          658,
          922
        ],
        [
          658,
          978
        ],
        [
          466,
          978
        ]
      ],
      [
        "*480,00",
        0.9991878334121237
      ]
    ],
    [
      [
        [
          54,
          1041
        ],
        [
          163,
          1041
        ],
        [
          163,
          1095
        ],
        [
          54,
          1095
        ]
      ],
      [
        "KREDİ",
        0.9982673955061451
      ]
    ],
    [
      [
        [
          514,
          1032
        ],
        [
          662,
          1032
        ],
        [
          662,
          1082
        ],
        [
          514,
          1082
        ]
      ],
      [
        "*480,00",
        0.6776043609069148
      ]
    ],
    [
      [
        [
          68,
          1084
        ],
        [
          255,
          1084
        ],
        [
          255,
          1140
        ],
        [
          68,
          1140
        ]
      ],
      [
        "VAKIFBANK",
        0.9946894411555477
      ]
    ],
    [
      [
        [
          71,
          1137
        ],
        [
          387,
          1137
        ],
        [
          387,
          1181
        ],
        [
          71,
          1181
        ]
      ],
      [
        "###*********2911",
        0.22628962592606786
      ]
    ],
    [
      [
        [
          44,
          1212
        ],
        [
          266,
          1212
        ],
        [
          266,
          1268
        ],
        [
          44,
          1268
        ]
      ],
      [
        "T.SİCİL NO:",
        0.7138337481894877
      ]
    ],
    [
      [
        [
          37,
          1322
        ],
        [
          266,
          1322
        ],
        [
          266,
          1375
        ],
        [
          37,
          1375
        ]
      ],
      [
        "EKÜ NO:0002",
        0.4909487695056708
      ]
    ],
    [
      [
        [
          494,
          1316
        ],
        [
          684,
          1316
        ],
        [
          684,
          1364
        ],
        [
          494,
          1364
        ]
      ],
      [
        "Z NO: 1977",
        0.6120336528900309
      ]
