{
  "status": "success",
  "image_width": 580,
  "image_height": 1498,
  "detections": [
    [
      [
        [
          307,
          49
        ],
        [
          497,
          49
        ],
        [
          497,
          93
        ],
        [
          307,
          93
        ]
      ],
      [
        "PETROL GIDA",
        0.6157188474365944
      ]
    ],
    [
      [
        [
          45,
          69
        ],
        [
          157,
          69
        ],
        [
          157,
          113
        ],
        [
          45,
          113
        ]
      ],
      [
        "TANKAR",
        0.9073010446655557
      ]
    ],
    [
      [
        [
          272,
          82
        ],
        [
          450,
          82
        ],
        [
          450,
          134
        ],
        [
          272,
          134
        ]
      ],
      [
        "INŞAAT SAN",
        0.5883270873014291
      ]
    ],
    [
      [
        [
          469,
          81
        ],
        [
          511,
          81
        ],
        [
          511,
          117
        ],
        [
          469,
          117
        ]
      ],
      [
        "VE",
        0.9974574697231934
      ]
    ],
    [
      [
        [
          21,
          93
        ],
        [
          269,
          93
        ],
        [
          269,
          155
        ],
        [
          21,
          155
        ]
      ],
      [
        "TEKSTIL HiZMet",
        0.34414308635066376
      ]
    ],
    [
      [
        [
          305,
          107
        ],
        [
          521,
          107
        ],
        [
          521,
          171
        ],
        [
          305,
          171
        ]
      ],
      [
        "REFIK SEVKET",
        0.7340190013788939
      ]
    ],
    [
      [
        [
          45,
          149
        ],
        [
          111,
          149
        ],
        [
          111,
          189
        ],
        [
          45,
          189
        ]
      ],
      [
        "TiC_",
        0.46423229575157166
      ]
    ],
    [
      [
        [
          291,
          143
        ],
        [
          539,
          143
        ],
        [
          539,
          212
        ],
        [
          291,
          212
        ]
      ],
      [
        "SOkaNO;4 35000",
        0.16554730200628887
      ]
    ],
    [
      [
        [
          13,
          183
        ],
        [
          163,
          183
        ],
        [
          163,
          227
        ],
        [
          13,
          227
        ]
      ],
      [
        "İNCE MAH",
        0.39883069020374123
      ]
    ],
    [
      [
        [
          181,
          179
        ],
        [
          223,
          179
        ],
        [
          223,
          219
        ],
        [
          181,
          219
        ]
      ],
      [
        "21",
        0.9997257193283554
      ]
    ],
    [
      [
        [
          312,
          196
        ],
        [
          406,
          196
        ],
        [
          406,
          244
        ],
        [
          312,
          244
        ]
      ],
      [
        "İZMİR",
        0.6363787200348979
      ]
    ],
    [
      [
        [
          146,
          204
        ],
        [
          310,
          204
        ],
        [
          310,
          260
        ],
        [
          146,
          260
        ]
      ],
      [
        "'BAYRAKLI/",
        0.897047023546276
      ]
    ],
    [
      [
        [
          153,
          255
        ],
        [
          223,
          255
        ],
        [
          223,
          293
        ],
        [
          153,
          293
        ]
      ],
      [
        "TEL :",
        0.4529596365767399
      ]
    ],
    [
      [
        [
          226,
          230
        ],
        [
          410,
          230
        ],
        [
          410,
          292
        ],
        [
          226,
          292
        ]
      ],
      [
        "8502153535",
        0.9976580450881554
      ]
    ],
    [
      [
        [
          79,
          276
        ],
        [
          312,
          276
        ],
        [
          312,
          339
        ],
        [
          79,
          339
        ]
      ],
      [
        "VERGİ DAIRESİ",
        0.5278326023035302
      ]
    ],
    [
      [
        [
          330,
          266
        ],
        [
          475,
          266
        ],
        [
          475,
          319
        ],
        [
          330,
          319
        ]
      ],
      [
        "GAZİEMiR",
        0.5770062366592497
      ]
    ],
    [
      [
        [
          94,
          324
        ],
        [
          254,
          324
        ],
        [
          254,
          372
        ],
        [
          94,
          372
        ]
      ],
      [
        "VKN / TCKN:",
        0.5975678900680577
      ]
    ],
    [
      [
        [
          274,
          308
        ],
        [
          452,
          308
        ],
        [
          452,
          360
        ],
        [
          274,
          360
        ]
      ],
      [
        "8200045128",
        0.998611651880269
      ]
    ],
    [
      [
        [
          42,
          333
        ],
        [
          523,
          333
        ],
        [
          523,
          420
        ],
        [
          42,
          420
        ]
      ],
      [
        "MERSN No: : 08200048722000 1",
        0.06319399669110255
      ]
    ],
    [
      [
        [
          60,
          402
        ],
        [
          206,
          402
        ],
        [
          206,
          455
        ],
        [
          60,
          455
        ]
      ],
      [
        "EPDK NO:",
        0.8762654727189947
      ]
    ],
    [
      [
        [
          226,
          371
        ],
        [
          504,
          371
        ],
        [
          504,
          443
        ],
        [
          226,
          443
        ]
      ],
      [
        "BAY/939-82/35548",
        0.701142929457271
      ]
    ],
    [
      [
        [
          83,
          416
        ],
        [
          493,
          416
        ],
        [
          493,
          493
        ],
        [
          83,
          493
        ]
      ],
      [
        "FIStASYoN 'ADA o; 1-2-8-4",
        0.15725919241021796
      ]
    ],
    [
      [
        [
          465,
          503
        ],
        [
          551,
          503
        ],
        [
          551,
          543
        ],
        [
          465,
          543
        ]
      ],
      [
        "17,57",
        0.7256561896852055
      ]
    ],
    [
      [
        [
          21,
          527
        ],
        [
          205,
          527
        ],
        [
          205,
          587
        ],
        [
          21,
          587
        ]
      ],
      [
        "09-03-2026",
        0.9972047744907674
      ]
    ],
    [
      [
        [
          24,
          565
        ],
        [
          220,
          565
        ],
        [
          220,
          618
        ],
        [
          24,
          618
        ]
      ],
      [
        "FiŞ NO;0748",
        0.18750486921528156
      ]
    ],
    [
      [
        [
          168,
          594
        ],
        [
          401,
          594
        ],
        [
          401,
          649
        ],
        [
          168,
          649
        ]
      ],
      [
        "35KGB34",
        0.5894755717737429
      ]
    ],
    [
      [
        [
          461,
          625
        ],
        [
          547,
          625
        ],
        [
          547,
          669
        ],
        [
          461,
          669
        ]
      ],
      [
        "66 ,08",
        0.6337258144986334
      ]
    ],
