{
  "status": "success",
  "image_width": 962,
  "image_height": 2821,
  "detections": [
    [
      [
        [
          140,
          173
        ],
        [
          666,
          146
        ],
        [
          670,
          215
        ],
        [
          144,
          243
        ]
      ],
      [
        "BIM BIRLESIK MAGAZALAR A.S",
        0.9359369874000549
      ]
    ],
    [
      [
        [
          162,
          234
        ],
        [
          682,
          196
        ],
        [
          687,
          263
        ],
        [
          167,
          301
        ]
      ],
      [
        "Erzene Mah. 8.Sok. No:48/A",
        0.8666788339614868
      ]
    ],
    [
      [
        [
          271,
          287
        ],
        [
          541,
          270
        ],
        [
          544,
          329
        ],
        [
          275,
          346
        ]
      ],
      [
        "Bornova/izmir",
        0.9834690093994141
      ]
    ],
    [
      [
        [
          100,
          344
        ],
        [
          740,
          293
        ],
        [
          746,
          370
        ],
        [
          107,
          422
        ]
      ],
      [
        "BUYUKMUKELLEFLER VDM1750051846",
        0.9208385944366455
      ]
    ],
    [
      [
        [
          55,
          457
        ],
        [
          429,
          443
        ],
        [
          432,
          504
        ],
        [
          58,
          519
        ]
      ],
      [
        "TARiH:13.12.2025",
        0.9503806829452515
      ]
    ],
    [
      [
        [
          54,
          511
        ],
        [
          148,
          511
        ],
        [
          148,
          567
        ],
        [
          54,
          567
        ]
      ],
      [
        "SAAT",
        0.9934238195419312
      ]
    ],
    [
      [
        [
          166,
          509
        ],
        [
          339,
          487
        ],
        [
          348,
          562
        ],
        [
          175,
          584
        ]
      ],
      [
        "19:25",
        0.9910160899162292
      ]
    ],
    [
      [
        [
          51,
          565
        ],
        [
          319,
          554
        ],
        [
          321,
          614
        ],
        [
          54,
          625
        ]
      ],
      [
        "FiS NO:0186",
        0.9413700103759766
      ]
    ],
    [
      [
        [
          444,
          631
        ],
        [
          453,
          629
        ],
        [
          457,
          645
        ],
        [
          448,
          647
        ]
      ],
      [
        "C311",
        0.376865029335022
      ]
    ],
    [
      [
        [
          260,
          661
        ],
        [
          472,
          651
        ],
        [
          475,
          721
        ],
        [
          263,
          731
        ]
      ],
      [
        "BiLGIFISI",
        0.8613893985748291
      ]
    ],
    [
      [
        [
          44,
          790
        ],
        [
          438,
          764
        ],
        [
          442,
          832
        ],
        [
          48,
          858
        ]
      ],
      [
        "TUR : E-ARSIV FATURA",
        0.958415150642395
      ]
    ],
    [
      [
        [
          43,
          849
        ],
        [
          567,
          810
        ],
        [
          572,
          877
        ],
        [
          48,
          916
        ]
      ],
      [
        "MUSTERI VKN:111111111",
        0.84648597240448
      ]
    ],
    [
      [
        [
          48,
          960
        ],
        [
          592,
          920
        ],
        [
          597,
          990
        ],
        [
          53,
          1030
        ]
      ],
      [
        "FATURA NO:T122025075108849",
        0.8989352583885193
      ]
    ],
    [
      [
        [
          728,
          1018
        ],
        [
          873,
          1015
        ],
        [
          874,
          1085
        ],
        [
          729,
          1087
        ]
      ],
      [
        "*49,50",
        0.9400980472564697
      ]
    ],
    [
      [
        [
          497,
          1040
        ],
        [
          573,
          1040
        ],
        [
          573,
          1101
        ],
        [
          497,
          1101
        ]
      ],
      [
        "%01",
        0.9870831966400146
      ]
    ],
    [
      [
        [
          56,
          1070
        ],
        [
          440,
          1046
        ],
        [
          444,
          1110
        ],
        [
          60,
          1134
        ]
      ],
      [
        "TURK KAHVESi100G AE",
        0.9223373532295227
      ]
    ],
    [
      [
        [
          491,
          1072
        ],
        [
          498,
          1072
        ],
        [
          498,
          1082
        ],
        [
          491,
          1082
        ]
      ],
      [
        "%",
        0.2257975935935974
      ]
    ],
    [
      [
        [
          500,
          1079
        ],
        [
          506,
          1079
        ],
        [
          506,
          1087
        ],
        [
          500,
          1087
        ]
      ],
      [
        ",",
        0.3791967034339905
      ]
    ],
    [
      [
        [
          728,
          1084
        ],
        [
          873,
          1077
        ],
        [
          876,
          1141
        ],
        [
          731,
          1148
        ]
      ],
      [
        "*60,00",
        0.9606513977050781
      ]
    ],
    [
      [
        [
          500,
          1101
        ],
        [
          571,
          1101
        ],
        [
          571,
          1160
        ],
        [
          500,
          1160
        ]
      ],
      [
        "%01",
        0.988728940486908
      ]
    ],
    [
      [
        [
          56,
          1129
        ],
        [
          258,
          1120
        ],
        [
          260,
          1178
        ],
        [
          59,
          1187
        ]
      ],
      [
        "EKMEKODUN",
        0.9970245361328125
      ]
    ],
    [
      [
        [
          711,
          1143
        ],
        [
          873,
          1135
        ],
        [
          876,
          1198
        ],
        [
          714,
          1206
        ]
      ],
      [
        "*100,00",
        0.9652792811393738
      ]
    ],
    [
      [
        [
          502,
          1158
        ],
        [
          575,
          1158
        ],
        [
          575,
          1214
        ],
        [
          502,
          1214
        ]
      ],
      [
        "%20",
        0.9973750114440918
      ]
    ],
    [
      [
        [
          60,
          1183
        ],
        [
          420,
          1165
        ],
        [
          423,
          1222
        ],
        [
          63,
          1240
        ]
      ],
      [
        "TUVALETKAGIDI 12Li",
        0.9346636533737183
      ]
    ],
    [
      [
        [
          731,
          1253
        ],
        [
          871,
          1248
        ],
        [
          873,
          1315
        ],
        [
          733,
          1319
        ]
      ],
      [
        "*17,75",
        0.939461886882782
      ]
    ],
    [
      [
        [
          80,
          1291
        ],
        [
          206,
          1283
        ],
        [
          209,
          1340
        ],
        [
          83,
          1348
        ]
      ],
      [
        "TOPKDV",
        0.9651954770088196
      ]
    ],
    [
      [
        [
          714,
          1309
        ],
        [
          870,
          1305
        ],
        [
          871,
          1368
        ],
        [
          716,
