{
  "status": "success",
  "image_width": 821,
  "image_height": 2912,
  "detections": [
    [
      [
        [
          179,
          174
        ],
        [
          661,
          161
        ],
        [
          663,
          214
        ],
        [
          181,
          227
        ]
      ],
      [
        "BIM BIRLESIK MAGAZALAR A.S.",
        0.92657470703125
      ]
    ],
    [
      [
        [
          88,
          230
        ],
        [
          777,
          212
        ],
        [
          778,
          269
        ],
        [
          90,
          287
        ]
      ],
      [
        "tr2one Mahallesi 8. sokak Kapi No:14/n",
        0.82033371925354
      ]
    ],
    [
      [
        [
          292,
          278
        ],
        [
          579,
          280
        ],
        [
          579,
          330
        ],
        [
          292,
          328
        ]
      ],
      [
        "-1 Bornovo/iznir",
        0.9156583547592163
      ]
    ],
    [
      [
        [
          143,
          333
        ],
        [
          724,
          329
        ],
        [
          724,
          379
        ],
        [
          143,
          383
        ]
      ],
      [
        "Buyak Mikelleflor V0M 1750051846",
        0.9046865701675415
      ]
    ],
    [
      [
        [
          307,
          431
        ],
        [
          567,
          437
        ],
        [
          565,
          490
        ],
        [
          305,
          484
        ]
      ],
      [
        "GIDER PUSULASI",
        0.9600892663002014
      ]
    ],
    [
      [
        [
          64,
          539
        ],
        [
          371,
          539
        ],
        [
          371,
          592
        ],
        [
          64,
          592
        ]
      ],
      [
        "15.12.2025 18:39",
        0.9421685934066772
      ]
    ],
    [
      [
        [
          611,
          543
        ],
        [
          768,
          547
        ],
        [
          767,
          596
        ],
        [
          609,
          592
        ]
      ],
      [
        "NO:352",
        0.9173691868782043
      ]
    ],
    [
      [
        [
          71,
          598
        ],
        [
          804,
          598
        ],
        [
          804,
          651
        ],
        [
          71,
          651
        ]
      ],
      [
        "ETIN7a96529a-848f-44b3-be26-bd4564ebedd4",
        0.9586183428764343
      ]
    ],
    [
      [
        [
          71,
          658
        ],
        [
          570,
          658
        ],
        [
          570,
          711
        ],
        [
          71,
          711
        ]
      ],
      [
        "FATURA NO:AG02025009310029",
        0.9453051090240479
      ]
    ],
    [
      [
        [
          69,
          780
        ],
        [
          229,
          780
        ],
        [
          229,
          836
        ],
        [
          69,
          836
        ]
      ],
      [
        "NUSTERI:",
        0.9138460159301758
      ]
    ],
    [
      [
        [
          89,
          841
        ],
        [
          512,
          843
        ],
        [
          512,
          900
        ],
        [
          89,
          898
        ]
      ],
      [
        "Isim\\Unvan: BERKKILING",
        0.8797496557235718
      ]
    ],
    [
      [
        [
          90,
          902
        ],
        [
          511,
          902
        ],
        [
          511,
          959
        ],
        [
          90,
          959
        ]
      ],
      [
        "TCKN/VKN:2011*******",
        0.9259468913078308
      ]
    ],
    [
      [
        [
          89,
          965
        ],
        [
          352,
          968
        ],
        [
          352,
          1021
        ],
        [
          89,
          1018
        ]
      ],
      [
        "Vergi Dairesi:",
        0.9680420160293579
      ]
    ],
    [
      [
        [
          91,
          1025
        ],
        [
          376,
          1028
        ],
        [
          376,
          1078
        ],
        [
          91,
          1075
        ]
      ],
      [
        "Adres:ERZENE HA.",
        0.9130547046661377
      ]
    ],
    [
      [
        [
          89,
          1138
        ],
        [
          267,
          1146
        ],
        [
          265,
          1201
        ],
        [
          87,
          1193
        ]
      ],
      [
        "11:izmir",
        0.8161488771438599
      ]
    ],
    [
      [
        [
          86,
          1204
        ],
        [
          336,
          1208
        ],
        [
          335,
          1259
        ],
        [
          86,
          1255
        ]
      ],
      [
        "Ilge: Bornova",
        0.9339761137962341
      ]
    ],
    [
      [
        [
          91,
          1264
        ],
        [
          436,
          1266
        ],
        [
          436,
          1313
        ],
        [
          91,
          1311
        ]
      ],
      [
        "Telefon: 5058612820",
        0.9729310274124146
      ]
    ],
    [
      [
        [
          85,
          1318
        ],
        [
          217,
          1320
        ],
        [
          216,
          1376
        ],
        [
          84,
          1374
        ]
      ],
      [
        "Email:",
        0.942486047744751
      ]
    ],
    [
      [
        [
          71,
          1492
        ],
        [
          630,
          1487
        ],
        [
          631,
          1540
        ],
        [
          71,
          1545
        ]
      ],
      [
        "Iade Nedeni:Bozuk / Hatali Urun",
        0.8966507315635681
      ]
    ],
    [
      [
        [
          69,
          1548
        ],
        [
          211,
          1546
        ],
        [
          211,
          1599
        ],
        [
          70,
          1601
        ]
      ],
      [
        "1644203",
        0.9993228316307068
      ]
    ],
    [
      [
        [
          71,
          1608
        ],
        [
          404,
          1604
        ],
        [
          405,
          1657
        ],
        [
          72,
          1661
        ]
      ],
      [
        "YIYEC.ARKADAS.LEGO",
        0.9583880305290222
      ]
    ],
    [
      [
        [
          421,
          1600
        ],
        [
          512,
          1600
        ],
        [
          512,
          1658
        ],
        [
          421,
          1658
        ]
      ],
      [
        "%20",
        0.7674239277839661
      ]
    ],
    [
      [
        [
          634,
          1599
        ],
        [
          772,
          1601
        ],
        [
          771,
          1654
        ],
        [
          633,
          1652
        ]
      ],
      [
        "*419.00",
        0.979884147644043
      ]
    ],
    [
      [
        [
          69,
          1723
        ],
        [
          190,
          1723
        ],
        [
          190,
          1776
        ],
        [
          69,
          1776
        ]
      ],
      [
        "TOPKDV",
        0.9505140781402588
      ]
    ],
    [
      [
        [
          633,
          1715
        ],
        [
          756,
          1713
        ],
        [
          757,
          1770
        ],
        [
          634,
          1772
        ]
      ],
      [
        "*69.83",
        0.9439234137535095
      ]
    ],
    [
      [
        [
          67,
          1782
        ],
        [
          192,
          1782
        ],
        [
          192,
          1836
        ],
        [
          67,
          1836
        ]
      ],
      [
        "TOPLAM",
        0.9091482162475586
      ]
    ],
    [
      [
        [
          617,
          1775
        ],
        [
