{
  "status": "success",
  "image_width": 926,
  "image_height": 2321,
  "detections": [
    [
      [
        [
          98,
          215
        ],
        [
          877,
          207
        ],
        [
          878,
          303
        ],
        [
          98,
          310
        ]
      ],
      [
        "ESREF CAN GIDA TUR INS VE TIC",
        0.9120247960090637
      ]
    ],
    [
      [
        [
          379,
          304
        ],
        [
          588,
          292
        ],
        [
          593,
          369
        ],
        [
          384,
          382
        ]
      ],
      [
        "LD ST1",
        0.636890709400177
      ]
    ],
    [
      [
        [
          104,
          368
        ],
        [
          849,
          364
        ],
        [
          849,
          443
        ],
        [
          104,
          447
        ]
      ],
      [
        "ERZENE MH ANKARE CAD NO172",
        0.8898665904998779
      ]
    ],
    [
      [
        [
          107,
          435
        ],
        [
          889,
          435
        ],
        [
          889,
          518
        ],
        [
          107,
          518
        ]
      ],
      [
        "EGE UNIVERSITESI D ZIRAAT FAK.",
        0.9458656311035156
      ]
    ],
    [
      [
        [
          307,
          514
        ],
        [
          663,
          507
        ],
        [
          665,
          588
        ],
        [
          308,
          595
        ]
      ],
      [
        "BORNUVA IZMIR",
        0.8876620531082153
      ]
    ],
    [
      [
        [
          79,
          578
        ],
        [
          886,
          568
        ],
        [
          887,
          657
        ],
        [
          81,
          667
        ]
      ],
      [
        "HASAN TAHSIN VERGI DAIRESI MUD.",
        0.9188711047172546
      ]
    ],
    [
      [
        [
          364,
          657
        ],
        [
          629,
          662
        ],
        [
          628,
          730
        ],
        [
          363,
          725
        ]
      ],
      [
        "3811047631",
        0.9556905031204224
      ]
    ],
    [
      [
        [
          95,
          741
        ],
        [
          356,
          747
        ],
        [
          354,
          814
        ],
        [
          93,
          808
        ]
      ],
      [
        "18-04-2026",
        0.9971820712089539
      ]
    ],
    [
      [
        [
          556,
          748
        ],
        [
          823,
          745
        ],
        [
          824,
          820
        ],
        [
          558,
          824
        ]
      ],
      [
        "iS NO:0",
        0.7732246518135071
      ]
    ],
    [
      [
        [
          784,
          748
        ],
        [
          914,
          742
        ],
        [
          917,
          807
        ],
        [
          787,
          813
        ]
      ],
      [
        "0055",
        0.9982101917266846
      ]
    ],
    [
      [
        [
          91,
          808
        ],
        [
          356,
          817
        ],
        [
          354,
          885
        ],
        [
          89,
          876
        ]
      ],
      [
        "SAAT 14:36",
        0.9546324014663696
      ]
    ],
    [
      [
        [
          98,
          901
        ],
        [
          257,
          906
        ],
        [
          255,
          969
        ],
        [
          96,
          964
        ]
      ],
      [
        "ICECEK",
        0.9946592450141907
      ]
    ],
    [
      [
        [
          611,
          907
        ],
        [
          914,
          907
        ],
        [
          914,
          978
        ],
        [
          611,
          978
        ]
      ],
      [
        "%10*390,00",
        0.902081310749054
      ]
    ],
    [
      [
        [
          96,
          971
        ],
        [
          328,
          978
        ],
        [
          327,
          1018
        ],
        [
          94,
          1011
        ]
      ],
      [
        "ADATOOI AU",
        0.7573987245559692
      ]
    ],
    [
      [
        [
          716,
          981
        ],
        [
          907,
          976
        ],
        [
          908,
          1017
        ],
        [
          717,
          1022
        ]
      ],
      [
        ".200n0",
        0.5699901580810547
      ]
    ],
    [
      [
        [
          83,
          1010
        ],
        [
          210,
          1010
        ],
        [
          210,
          1101
        ],
        [
          83,
          1101
        ]
      ],
      [
        "KDV",
        0.985274612903595
      ]
    ],
    [
      [
        [
          680,
          1020
        ],
        [
          911,
          1017
        ],
        [
          912,
          1106
        ],
        [
          681,
          1108
        ]
      ],
      [
        "*35,45",
        0.8282358050346375
      ]
    ],
    [
      [
        [
          88,
          1081
        ],
        [
          205,
          1081
        ],
        [
          205,
          1167
        ],
        [
          88,
          1167
        ]
      ],
      [
        "TOP",
        0.9517537951469421
      ]
    ],
    [
      [
        [
          648,
          1082
        ],
        [
          914,
          1082
        ],
        [
          914,
          1183
        ],
        [
          648,
          1183
        ]
      ],
      [
        "×390,00",
        0.8190829157829285
      ]
    ],
    [
      [
        [
          90,
          1161
        ],
        [
          284,
          1164
        ],
        [
          283,
          1230
        ],
        [
          90,
          1228
        ]
      ],
      [
        "EFT-POS",
        0.973764955997467
      ]
    ],
    [
      [
        [
          711,
          1170
        ],
        [
          913,
          1170
        ],
        [
          913,
          1244
        ],
        [
          711,
          1244
        ]
      ],
      [
        "*390,00",
        0.9450095891952515
      ]
    ],
    [
      [
        [
          258,
          1290
        ],
        [
          677,
          1299
        ],
        [
          676,
          1343
        ],
        [
          257,
          1334
        ]
      ],
      [
        "T.VAKIFLAR BANKASI T.A.0.",
        0.8834632635116577
      ]
    ],
    [
      [
        [
          145,
          1326
        ],
        [
          532,
          1333
        ],
        [
          531,
          1375
        ],
        [
          144,
          1369
        ]
      ],
      [
        "19YER1:000400001174355",
        0.8839439153671265
      ]
    ],
    [
      [
        [
          616,
          1335
        ],
        [
          833,
          1337
        ],
        [
          833,
          1382
        ],
        [
          616,
          1380
        ]
      ],
      [
        "POS:01304250",
        0.9633864760398865
      ]
    ],
    [
      [
        [
          144,
          1361
        ],
        [
          398,
          1369
        ],
        [
          396,
          1409
        ],
        [
          142,
          1402
        ]
      ],
      [
        "BATCH NO:000609",
        0.9372920989990234
      ]
    ],
    [
      [
        [
          666,
          1382
        ],
        [
          671,
          1382
        ],
        [
          671,
          1387
        ],
        [
          666,
          1387
        ]
      ],
      [
        "6",
        0.24704495072364807
      ]
    ],
    [
      [
        [
          762,
          1377
        ],
        [
          835,
          1377
        ],
        [
          835,
          1417
        ],
        [
