{
  "status": "success",
  "image_width": 778,
  "image_height": 3106,
  "detections": [
    [
      [
        [
          196,
          592
        ],
        [
          585,
          606
        ],
        [
          583,
          663
        ],
        [
          194,
          649
        ]
      ],
      [
        "DUFREL MARKET",
        0.9356435537338257
      ]
    ],
    [
      [
        [
          120,
          648
        ],
        [
          649,
          667
        ],
        [
          647,
          737
        ],
        [
          118,
          718
        ]
      ],
      [
        "GIDA SAN VE IiC LID STI",
        0.8720508217811584
      ]
    ],
    [
      [
        [
          36,
          713
        ],
        [
          732,
          732
        ],
        [
          730,
          798
        ],
        [
          34,
          779
        ]
      ],
      [
        "ERGENE MAHY.I.HAKKI CAD NO:127",
        0.9532721042633057
      ]
    ],
    [
      [
        [
          211,
          782
        ],
        [
          557,
          790
        ],
        [
          555,
          854
        ],
        [
          209,
          846
        ]
      ],
      [
        "BORNOVA / TZMIR",
        0.8993921279907227
      ]
    ],
    [
      [
        [
          124,
          844
        ],
        [
          642,
          855
        ],
        [
          640,
          918
        ],
        [
          122,
          907
        ]
      ],
      [
        "BORNJVA V.D. 3131510078",
        0.9422944188117981
      ]
    ],
    [
      [
        [
          12,
          932
        ],
        [
          142,
          932
        ],
        [
          142,
          998
        ],
        [
          12,
          998
        ]
      ],
      [
        "TARIH",
        0.9920818209648132
      ]
    ],
    [
      [
        [
          294,
          939
        ],
        [
          527,
          942
        ],
        [
          526,
          1008
        ],
        [
          294,
          1005
        ]
      ],
      [
        "10/12/2025",
        0.996711254119873
      ]
    ],
    [
      [
        [
          291,
          966
        ],
        [
          307,
          966
        ],
        [
          307,
          984
        ],
        [
          291,
          984
        ]
      ],
      [
        "",
        0.0
      ]
    ],
    [
      [
        [
          13,
          996
        ],
        [
          120,
          996
        ],
        [
          120,
          1061
        ],
        [
          13,
          1061
        ]
      ],
      [
        "SAAT",
        0.9893190264701843
      ]
    ],
    [
      [
        [
          298,
          1002
        ],
        [
          486,
          1008
        ],
        [
          484,
          1068
        ],
        [
          296,
          1062
        ]
      ],
      [
        "18:23:12",
        0.9823403358459473
      ]
    ],
    [
      [
        [
          12,
          1054
        ],
        [
          166,
          1061
        ],
        [
          163,
          1133
        ],
        [
          9,
          1126
        ]
      ],
      [
        "FiSNO",
        0.8738616108894348
      ]
    ],
    [
      [
        [
          257,
          1061
        ],
        [
          402,
          1065
        ],
        [
          400,
          1130
        ],
        [
          255,
          1126
        ]
      ],
      [
        ":0052",
        0.9674925804138184
      ]
    ],
    [
      [
        [
          16,
          1156
        ],
        [
          689,
          1171
        ],
        [
          688,
          1234
        ],
        [
          15,
          1219
        ]
      ],
      [
        "HIGHIANDPARK12Y070CL%20*1.600,00",
        0.9778964519500732
      ]
    ],
    [
      [
        [
          20,
          1291
        ],
        [
          206,
          1293
        ],
        [
          205,
          1352
        ],
        [
          19,
          1350
        ]
      ],
      [
        "TOPKDV",
        0.9967623353004456
      ]
    ],
    [
      [
        [
          468,
          1291
        ],
        [
          677,
          1297
        ],
        [
          675,
          1364
        ],
        [
          466,
          1358
        ]
      ],
      [
        "*266,67",
        0.9546895027160645
      ]
    ],
    [
      [
        [
          23,
          1360
        ],
        [
          205,
          1360
        ],
        [
          205,
          1412
        ],
        [
          23,
          1412
        ]
      ],
      [
        "TOPLAM",
        0.9955361485481262
      ]
    ],
    [
      [
        [
          413,
          1356
        ],
        [
          675,
          1359
        ],
        [
          674,
          1413
        ],
        [
          412,
          1410
        ]
      ],
      [
        "*1.600,00",
        0.9647315144538879
      ]
    ],
    [
      [
        [
          15,
          1472
        ],
        [
          136,
          1468
        ],
        [
          138,
          1526
        ],
        [
          17,
          1531
        ]
      ],
      [
        "KREDi",
        0.9175505638122559
      ]
    ],
    [
      [
        [
          479,
          1467
        ],
        [
          684,
          1469
        ],
        [
          683,
          1528
        ],
        [
          478,
          1526
        ]
      ],
      [
        "*1.600,00",
        0.9890645146369934
      ]
    ],
    [
      [
        [
          35,
          1529
        ],
        [
          260,
          1529
        ],
        [
          260,
          1583
        ],
        [
          35,
          1583
        ]
      ],
      [
        "ZIRAATBANK",
        0.9968053698539734
      ]
    ],
    [
      [
        [
          35,
          1575
        ],
        [
          389,
          1587
        ],
        [
          387,
          1641
        ],
        [
          33,
          1630
        ]
      ],
      [
        "************2911",
        0.9112690687179565
      ]
    ],
    [
      [
        [
          12,
          1674
        ],
        [
          241,
          1670
        ],
        [
          242,
          1722
        ],
        [
          13,
          1726
        ]
      ],
      [
        "MERSIS:0",
        0.9863544702529907
      ]
    ],
    [
      [
        [
          16,
          1729
        ],
        [
          261,
          1729
        ],
        [
          261,
          1783
        ],
        [
          16,
          1783
        ]
      ],
      [
        "EKU NO:0002",
        0.9481405019760132
      ]
    ],
    [
      [
        [
          494,
          1726
        ],
        [
          698,
          1723
        ],
        [
          699,
          1775
        ],
        [
          495,
          1778
        ]
      ],
      [
        "ZNO:0848",
        0.981049656867981
      ]
    ],
    [
      [
        [
          475,
          1870
        ],
        [
          693,
          1866
        ],
        [
          694,
          1910
        ],
        [
          476,
          1915
        ]
      ],
      [
        "POS NO:02415264",
        0.9638997316360474
      ]
    ],
    [
      [
        [
          17,
          1880
        ],
        [
          374,
          1873
        ],
        [
          375,
          1916
        ],
        [
          18,
          1924
        ]
      ],
      [
        "ISYERI N0:000000003196452",
        0.9216136932373047
      ]
    ],
    [
      [
        [
          612,
          1904
        ],
        [
          699,
          1907
        ],
        [
          698,
          1955
        ],
        [
