{
  "status": "success",
  "image_width": 885,
  "image_height": 3386,
  "detections": [
    [
      [
        [
          78,
          166
        ],
        [
          840,
          218
        ],
        [
          835,
          304
        ],
        [
          72,
          252
        ]
      ],
      [
        "SUHA UNLU MAMUL.GIDA KAFE ISL.",
        0.9337443113327026
      ]
    ],
    [
      [
        [
          200,
          247
        ],
        [
          712,
          280
        ],
        [
          707,
          356
        ],
        [
          195,
          323
        ]
      ],
      [
        "INS.SAN.TIC.LTD.STI.",
        0.9684383273124695
      ]
    ],
    [
      [
        [
          125,
          310
        ],
        [
          786,
          359
        ],
        [
          781,
          428
        ],
        [
          120,
          379
        ]
      ],
      [
        "ERZENE MH.FEVZI CAKMAK CD.",
        0.9721847772598267
      ]
    ],
    [
      [
        [
          195,
          386
        ],
        [
          707,
          419
        ],
        [
          703,
          488
        ],
        [
          191,
          456
        ]
      ],
      [
        "NO:5/E BORNOVA/IZMIR",
        0.9673711657524109
      ]
    ],
    [
      [
        [
          174,
          456
        ],
        [
          759,
          488
        ],
        [
          756,
          554
        ],
        [
          171,
          522
        ]
      ],
      [
        "BORNOVA V.D. 7850610793",
        0.9741883277893066
      ]
    ],
    [
      [
        [
          50,
          540
        ],
        [
          191,
          550
        ],
        [
          186,
          619
        ],
        [
          45,
          608
        ]
      ],
      [
        "TARIH",
        0.9894450306892395
      ]
    ],
    [
      [
        [
          317,
          568
        ],
        [
          627,
          583
        ],
        [
          624,
          651
        ],
        [
          314,
          636
        ]
      ],
      [
        ":18/04/2026",
        0.9600043892860413
      ]
    ],
    [
      [
        [
          49,
          608
        ],
        [
          164,
          617
        ],
        [
          159,
          684
        ],
        [
          44,
          675
        ]
      ],
      [
        "SAAT",
        0.9944918155670166
      ]
    ],
    [
      [
        [
          316,
          635
        ],
        [
          583,
          654
        ],
        [
          578,
          719
        ],
        [
          312,
          699
        ]
      ],
      [
        ":23:07:16",
        0.9467267990112305
      ]
    ],
    [
      [
        [
          46,
          672
        ],
        [
          218,
          686
        ],
        [
          212,
          767
        ],
        [
          40,
          754
        ]
      ],
      [
        "FiS NO",
        0.8334342837333679
      ]
    ],
    [
      [
        [
          317,
          701
        ],
        [
          485,
          716
        ],
        [
          479,
          780
        ],
        [
          311,
          765
        ]
      ],
      [
        ":0138",
        0.9102476239204407
      ]
    ],
    [
      [
        [
          523,
          724
        ],
        [
          530,
          729
        ],
        [
          524,
          740
        ],
        [
          517,
          736
        ]
      ],
      [
        "2",
        0.10982344299554825
      ]
    ],
    [
      [
        [
          48,
          780
        ],
        [
          267,
          797
        ],
        [
          262,
          863
        ],
        [
          43,
          846
        ]
      ],
      [
        "Profiterol",
        0.9691945910453796
      ]
    ],
    [
      [
        [
          515,
          826
        ],
        [
          597,
          830
        ],
        [
          593,
          894
        ],
        [
          512,
          889
        ]
      ],
      [
        "%10",
        0.9427033066749573
      ]
    ],
    [
      [
        [
          661,
          832
        ],
        [
          825,
          846
        ],
        [
          819,
          918
        ],
        [
          655,
          904
        ]
      ],
      [
        "*300,00",
        0.9341150522232056
      ]
    ],
    [
      [
        [
          47,
          848
        ],
        [
          265,
          865
        ],
        [
          260,
          931
        ],
        [
          42,
          914
        ]
      ],
      [
        "Profiterol",
        0.9666898846626282
      ]
    ],
    [
      [
        [
          513,
          896
        ],
        [
          595,
          901
        ],
        [
          591,
          964
        ],
        [
          509,
          959
        ]
      ],
      [
        "%10",
        0.9173710942268372
      ]
    ],
    [
      [
        [
          658,
          903
        ],
        [
          824,
          915
        ],
        [
          818,
          990
        ],
        [
          652,
          978
        ]
      ],
      [
        "*300,00",
        0.9274323582649231
      ]
    ],
    [
      [
        [
          46,
          918
        ],
        [
          266,
          936
        ],
        [
          261,
          1002
        ],
        [
          41,
          984
        ]
      ],
      [
        "Profiterol",
        0.9456990957260132
      ]
    ],
    [
      [
        [
          514,
          967
        ],
        [
          593,
          974
        ],
        [
          588,
          1034
        ],
        [
          509,
          1028
        ]
      ],
      [
        "%10",
        0.9280932545661926
      ]
    ],
    [
      [
        [
          658,
          973
        ],
        [
          822,
          988
        ],
        [
          815,
          1063
        ],
        [
          651,
          1048
        ]
      ],
      [
        "*300,00",
        0.9184538722038269
      ]
    ],
    [
      [
        [
          47,
          986
        ],
        [
          471,
          1023
        ],
        [
          465,
          1097
        ],
        [
          41,
          1060
        ]
      ],
      [
        "Tavukgōğuslu Kazandi",
        0.9103437662124634
      ]
    ],
    [
      [
        [
          514,
          1037
        ],
        [
          592,
          1043
        ],
        [
          587,
          1103
        ],
        [
          509,
          1097
        ]
      ],
      [
        "%10",
        0.9400970935821533
      ]
    ],
    [
      [
        [
          657,
          1047
        ],
        [
          818,
          1058
        ],
        [
          812,
          1130
        ],
        [
          651,
          1119
        ]
      ],
      [
        "*280,00",
        0.9413576126098633
      ]
    ],
    [
      [
        [
          47,
          1061
        ],
        [
          107,
          1065
        ],
        [
          104,
          1128
        ],
        [
          44,
          1124
        ]
      ],
      [
        "Su",
        0.8726316690444946
      ]
    ],
    [
      [
        [
          508,
          1108
        ],
        [
          590,
          1112
        ],
        [
          588,
          1178
        ],
        [
          506,
          1174
        ]
      ],
      [
        "%10",
        0.9602524638175964
      ]
    ],
    [
      [
        [
          672,
          1117
        ],
        [
          818,
          1130
        ],
        [
          811,
          1207
        ],
        [
          666,
          1194
        ]
      ],
      [
        "*30,00",
