{
  "status": "success",
  "image_width": 840,
  "image_height": 2884,
  "detections": [
    [
      [
        [
          116,
          159
        ],
        [
          596,
          149
        ],
        [
          597,
          208
        ],
        [
          117,
          218
        ]
      ],
      [
        "BiM BiRIESiK MAGAZALAR A.S.",
        0.9434590935707092
      ]
    ],
    [
      [
        [
          138,
          215
        ],
        [
          601,
          204
        ],
        [
          602,
          260
        ],
        [
          139,
          271
        ]
      ],
      [
        "Erzene Mah. 8.Sok. No:48/A",
        0.9399080872535706
      ]
    ],
    [
      [
        [
          244,
          268
        ],
        [
          479,
          262
        ],
        [
          480,
          314
        ],
        [
          245,
          320
        ]
      ],
      [
        "Bornova/izmir",
        0.985966145992279
      ]
    ],
    [
      [
        [
          95,
          318
        ],
        [
          649,
          305
        ],
        [
          651,
          364
        ],
        [
          97,
          377
        ]
      ],
      [
        "BUYUK MUKELLEFLER VDM 1750051846",
        0.9193430542945862
      ]
    ],
    [
      [
        [
          54,
          423
        ],
        [
          386,
          418
        ],
        [
          387,
          471
        ],
        [
          55,
          476
        ]
      ],
      [
        "TARiH : 13.122025",
        0.9136576056480408
      ]
    ],
    [
      [
        [
          51,
          469
        ],
        [
          305,
          471
        ],
        [
          305,
          519
        ],
        [
          50,
          517
        ]
      ],
      [
        "SAAT :19:16",
        0.9200348258018494
      ]
    ],
    [
      [
        [
          49,
          513
        ],
        [
          290,
          517
        ],
        [
          289,
          567
        ],
        [
          48,
          564
        ]
      ],
      [
        "FiS NO:0179",
        0.9124137759208679
      ]
    ],
    [
      [
        [
          237,
          607
        ],
        [
          420,
          607
        ],
        [
          420,
          665
        ],
        [
          237,
          665
        ]
      ],
      [
        "BILGIFISI",
        0.9394497275352478
      ]
    ],
    [
      [
        [
          20,
          673
        ],
        [
          60,
          621
        ],
        [
          80,
          637
        ],
        [
          40,
          689
        ]
      ],
      [
        "太",
        0.07057894766330719
      ]
    ],
    [
      [
        [
          35,
          698
        ],
        [
          389,
          703
        ],
        [
          388,
          760
        ],
        [
          34,
          755
        ]
      ],
      [
        "TUR :E-ARSIV FATURA",
        0.9335630536079407
      ]
    ],
    [
      [
        [
          33,
          750
        ],
        [
          499,
          750
        ],
        [
          499,
          803
        ],
        [
          33,
          803
        ]
      ],
      [
        "NUSTERIVN: 1111111111",
        0.8631631731987
      ]
    ],
    [
      [
        [
          33,
          851
        ],
        [
          519,
          851
        ],
        [
          519,
          901
        ],
        [
          33,
          901
        ]
      ],
      [
        "FATURAN0:T122025075045592",
        0.9635307788848877
      ]
    ],
    [
      [
        [
          28,
          951
        ],
        [
          203,
          951
        ],
        [
          203,
          1003
        ],
        [
          28,
          1003
        ]
      ],
      [
        "2×26,00",
        0.9092530012130737
      ]
    ],
    [
      [
        [
          439,
          994
        ],
        [
          500,
          994
        ],
        [
          500,
          1044
        ],
        [
          439,
          1044
        ]
      ],
      [
        "%01",
        0.9337406158447266
      ]
    ],
    [
      [
        [
          634,
          989
        ],
        [
          756,
          985
        ],
        [
          758,
          1042
        ],
        [
          636,
          1046
        ]
      ],
      [
        "*52,00",
        0.9234738945960999
      ]
    ],
    [
      [
        [
          32,
          1000
        ],
        [
          130,
          1000
        ],
        [
          130,
          1048
        ],
        [
          32,
          1048
        ]
      ],
      [
        "SU5L",
        0.9920468330383301
      ]
    ],
    [
      [
        [
          439,
          1041
        ],
        [
          501,
          1041
        ],
        [
          501,
          1091
        ],
        [
          439,
          1091
        ]
      ],
      [
        "%20",
        0.9049132466316223
      ]
    ],
    [
      [
        [
          652,
          1035
        ],
        [
          755,
          1035
        ],
        [
          755,
          1091
        ],
        [
          652,
          1091
        ]
      ],
      [
        "*0,50",
        0.9137946963310242
      ]
    ],
    [
      [
        [
          31,
          1049
        ],
        [
          387,
          1043
        ],
        [
          388,
          1097
        ],
        [
          32,
          1103
        ]
      ],
      [
        "ALISVERiSPOSETI BiM",
        0.9274600148200989
      ]
    ],
    [
      [
        [
          440,
          1095
        ],
        [
          496,
          1095
        ],
        [
          496,
          1140
        ],
        [
          440,
          1140
        ]
      ],
      [
        "%01",
        0.9766535758972168
      ]
    ],
    [
      [
        [
          620,
          1091
        ],
        [
          753,
          1087
        ],
        [
          755,
          1137
        ],
        [
          622,
          1141
        ]
      ],
      [
        "*114,50",
        0.9735924005508423
      ]
    ],
    [
      [
        [
          33,
          1102
        ],
        [
          371,
          1098
        ],
        [
          372,
          1146
        ],
        [
          34,
          1150
        ]
      ],
      [
        "TEREYAG 250G PERVIN",
        0.9272685647010803
      ]
    ],
    [
      [
        [
          442,
          1142
        ],
        [
          498,
          1142
        ],
        [
          498,
          1187
        ],
        [
          442,
          1187
        ]
      ],
      [
        "%01",
        0.9496363997459412
      ]
    ],
    [
      [
        [
          637,
          1135
        ],
        [
          754,
          1135
        ],
        [
          754,
          1188
        ],
        [
          637,
          1188
        ]
      ],
      [
        "*79,00",
        0.9391873478889465
      ]
    ],
    [
      [
        [
          31,
          1149
        ],
        [
          382,
          1142
        ],
        [
          383,
          1192
        ],
        [
          32,
          1199
        ]
      ],
      [
        "YUMURTA 63-72G 15Li",
        0.935921311378479
      ]
    ],
    [
      [
        [
          441,
          1191
        ],
        [
          500,
          1191
        ],
        [
          500,
          1236
        ],
        [
          441,
          1236
        ]
      ],
      [
        "%10",
        0.8473442196846008
      ]
    ],
    [
      [
        [
          638,
          1184
        ],
        [
          752,
          1184
        ],
        [
          752,
          1235
        ],
        [
