{
  "status": "success",
  "image_width": 815,
  "image_height": 2403,
  "detections": [
    [
      [
        [
          144,
          18
        ],
        [
          591,
          49
        ],
        [
          587,
          103
        ],
        [
          140,
          72
        ]
      ],
      [
        "BiM BiRLESIK MAGAZALAR A.S.",
        0.9207237362861633
      ]
    ],
    [
      [
        [
          158,
          70
        ],
        [
          597,
          98
        ],
        [
          594,
          148
        ],
        [
          155,
          120
        ]
      ],
      [
        "Erzene Mah. 8.Sok. No:48/A",
        0.9625409841537476
      ]
    ],
    [
      [
        [
          259,
          125
        ],
        [
          481,
          139
        ],
        [
          478,
          187
        ],
        [
          256,
          173
        ]
      ],
      [
        "Bornova/izmir",
        0.9893174767494202
      ]
    ],
    [
      [
        [
          111,
          162
        ],
        [
          641,
          193
        ],
        [
          638,
          244
        ],
        [
          108,
          213
        ]
      ],
      [
        "BUYUKMUKELLEFLERVDM1750051846",
        0.9549973607063293
      ]
    ],
    [
      [
        [
          61,
          254
        ],
        [
          384,
          271
        ],
        [
          381,
          325
        ],
        [
          58,
          308
        ]
      ],
      [
        "TARiH:30.03.2026",
        0.9855421781539917
      ]
    ],
    [
      [
        [
          59,
          304
        ],
        [
          304,
          316
        ],
        [
          302,
          366
        ],
        [
          56,
          354
        ]
      ],
      [
        "SAAT:09:22",
        0.9662212133407593
      ]
    ],
    [
      [
        [
          59,
          351
        ],
        [
          289,
          361
        ],
        [
          287,
          412
        ],
        [
          56,
          402
        ]
      ],
      [
        "FiS NO:0009",
        0.9276161789894104
      ]
    ],
    [
      [
        [
          238,
          453
        ],
        [
          414,
          461
        ],
        [
          412,
          513
        ],
        [
          236,
          505
        ]
      ],
      [
        "BILGI FISI",
        0.9187318682670593
      ]
    ],
    [
      [
        [
          43,
          538
        ],
        [
          385,
          556
        ],
        [
          382,
          612
        ],
        [
          40,
          594
        ]
      ],
      [
        "TUR : E-ARSIV FATURA",
        0.9458768963813782
      ]
    ],
    [
      [
        [
          42,
          592
        ],
        [
          486,
          608
        ],
        [
          484,
          660
        ],
        [
          40,
          644
        ]
      ],
      [
        "MUSTERIVKN: 111111111",
        0.9238345623016357
      ]
    ],
    [
      [
        [
          42,
          690
        ],
        [
          510,
          711
        ],
        [
          508,
          764
        ],
        [
          40,
          743
        ]
      ],
      [
        "FATURANO:T032026173389614",
        0.9674675464630127
      ]
    ],
    [
      [
        [
          46,
          790
        ],
        [
          378,
          805
        ],
        [
          375,
          855
        ],
        [
          44,
          840
        ]
      ],
      [
        "YUMURTA 63-72G15Li",
        0.9670136570930481
      ]
    ],
    [
      [
        [
          429,
          809
        ],
        [
          486,
          809
        ],
        [
          486,
          860
        ],
        [
          429,
          860
        ]
      ],
      [
        "%01",
        0.9020927548408508
      ]
    ],
    [
      [
        [
          619,
          815
        ],
        [
          730,
          817
        ],
        [
          728,
          868
        ],
        [
          618,
          866
        ]
      ],
      [
        "*99,00",
        0.9464859962463379
      ]
    ],
    [
      [
        [
          47,
          840
        ],
        [
          380,
          854
        ],
        [
          378,
          901
        ],
        [
          45,
          888
        ]
      ],
      [
        "SANDViC EKMEGi4*100G",
        0.9632852673530579
      ]
    ],
    [
      [
        [
          430,
          854
        ],
        [
          486,
          854
        ],
        [
          486,
          905
        ],
        [
          430,
          905
        ]
      ],
      [
        "%01",
        0.9365131855010986
      ]
    ],
    [
      [
        [
          621,
          863
        ],
        [
          728,
          867
        ],
        [
          726,
          914
        ],
        [
          619,
          910
        ]
      ],
      [
        "*66,00",
        0.9724275469779968
      ]
    ],
    [
      [
        [
          46,
          889
        ],
        [
          380,
          899
        ],
        [
          379,
          949
        ],
        [
          44,
          939
        ]
      ],
      [
        "ALISVERiS POSETI BiM",
        0.9084006547927856
      ]
    ],
    [
      [
        [
          429,
          902
        ],
        [
          490,
          902
        ],
        [
          490,
          951
        ],
        [
          429,
          951
        ]
      ],
      [
        "%20",
        0.9067814350128174
      ]
    ],
    [
      [
        [
          635,
          910
        ],
        [
          729,
          914
        ],
        [
          727,
          962
        ],
        [
          633,
          958
        ]
      ],
      [
        "*1,00",
        0.9431217312812805
      ]
    ],
    [
      [
        [
          66,
          984
        ],
        [
          174,
          989
        ],
        [
          172,
          1037
        ],
        [
          64,
          1032
        ]
      ],
      [
        "TOPKDV",
        0.9902417063713074
      ]
    ],
    [
      [
        [
          633,
          1007
        ],
        [
          727,
          1007
        ],
        [
          727,
          1055
        ],
        [
          633,
          1055
        ]
      ],
      [
        "*1,80",
        0.9326704740524292
      ]
    ],
    [
      [
        [
          67,
          1032
        ],
        [
          175,
          1037
        ],
        [
          173,
          1084
        ],
        [
          64,
          1079
        ]
      ],
      [
        "TOPLAM",
        0.9958251118659973
      ]
    ],
    [
      [
        [
          601,
          1048
        ],
        [
          727,
          1053
        ],
        [
          725,
          1105
        ],
        [
          598,
          1100
        ]
      ],
      [
        "*166,00",
        0.9654278755187988
      ]
    ],
    [
      [
        [
          54,
          1073
        ],
        [
          68,
          1098
        ],
        [
          57,
          1104
        ],
        [
          43,
          1080
        ]
      ],
      [
        "",
        0.0
      ]
    ],
    [
      [
        [
          81,
          1122
        ],
        [
          266,
          1128
        ],
        [
          265,
          1176
        ],
        [
          79,
          1170
        ]
      ],
      [
        "KREDI KARTI",
        0.9150413870811462
      ]
    ],
    [
      [
        [
          600,
          1139
        ],
        [
          727,
          1144
        ],
        [
          725,
          1194
        ],
        [
          597,
          1189
        ]
      ],
