{
  "status": "success",
  "image_width": 1057,
  "image_height": 2794,
  "detections": [
    [
      [
        [
          273,
          214
        ],
        [
          743,
          218
        ],
        [
          742,
          308
        ],
        [
          272,
          304
        ]
      ],
      [
        "BUENAS RESTORAN",
        0.9644518494606018
      ]
    ],
    [
      [
        [
          147,
          269
        ],
        [
          859,
          284
        ],
        [
          856,
          405
        ],
        [
          144,
          391
        ]
      ],
      [
        "TASBAHCE GIDA TURZ.ORG.",
        0.9423550367355347
      ]
    ],
    [
      [
        [
          81,
          332
        ],
        [
          932,
          355
        ],
        [
          928,
          493
        ],
        [
          77,
          470
        ]
      ],
      [
        "SAN.VE TIC.AS ERZENE MAH.83",
        0.8950920104980469
      ]
    ],
    [
      [
        [
          148,
          425
        ],
        [
          868,
          446
        ],
        [
          865,
          560
        ],
        [
          145,
          539
        ]
      ],
      [
        "SOK.NO:10 BORNOVA/IZMIR",
        0.9361016750335693
      ]
    ],
    [
      [
        [
          154,
          506
        ],
        [
          840,
          539
        ],
        [
          836,
          633
        ],
        [
          150,
          600
        ]
      ],
      [
        "BORNOVA V.D 8260527938",
        0.9618356227874756
      ]
    ],
    [
      [
        [
          5,
          603
        ],
        [
          432,
          643
        ],
        [
          423,
          742
        ],
        [
          0,
          703
        ]
      ],
      [
        "FIS NO : 0027",
        0.9041134715080261
      ]
    ],
    [
      [
        [
          519,
          653
        ],
        [
          980,
          658
        ],
        [
          979,
          753
        ],
        [
          518,
          748
        ]
      ],
      [
        "TARIH: 18/04/26",
        0.9684262871742249
      ]
    ],
    [
      [
        [
          9,
          693
        ],
        [
          154,
          705
        ],
        [
          147,
          784
        ],
        [
          2,
          771
        ]
      ],
      [
        "SAAT",
        0.990834653377533
      ]
    ],
    [
      [
        [
          244,
          714
        ],
        [
          286,
          757
        ],
        [
          246,
          797
        ],
        [
          203,
          755
        ]
      ],
      [
        ".",
        0.22266612946987152
      ]
    ],
    [
      [
        [
          728,
          746
        ],
        [
          979,
          746
        ],
        [
          979,
          825
        ],
        [
          728,
          825
        ]
      ],
      [
        "22:24:57",
        0.9860779047012329
      ]
    ],
    [
      [
        [
          9,
          808
        ],
        [
          250,
          832
        ],
        [
          241,
          914
        ],
        [
          1,
          889
        ]
      ],
      [
        "YIYECEK",
        0.9817525148391724
      ]
    ],
    [
      [
        [
          521,
          860
        ],
        [
          634,
          863
        ],
        [
          632,
          935
        ],
        [
          519,
          932
        ]
      ],
      [
        "%10",
        0.9001078605651855
      ]
    ],
    [
      [
        [
          729,
          868
        ],
        [
          981,
          874
        ],
        [
          980,
          946
        ],
        [
          727,
          940
        ]
      ],
      [
        "*2365.00",
        0.9915092587471008
      ]
    ],
    [
      [
        [
          13,
          969
        ],
        [
          217,
          982
        ],
        [
          212,
          1060
        ],
        [
          9,
          1047
        ]
      ],
      [
        "TOPKDV",
        0.9965062141418457
      ]
    ],
    [
      [
        [
          758,
          1020
        ],
        [
          987,
          1029
        ],
        [
          984,
          1105
        ],
        [
          755,
          1096
        ]
      ],
      [
        "*215.00",
        0.9936334490776062
      ]
    ],
    [
      [
        [
          16,
          1046
        ],
        [
          217,
          1060
        ],
        [
          212,
          1134
        ],
        [
          10,
          1121
        ]
      ],
      [
        "TOPLAM",
        0.9948384165763855
      ]
    ],
    [
      [
        [
          732,
          1094
        ],
        [
          986,
          1107
        ],
        [
          982,
          1180
        ],
        [
          729,
          1167
        ]
      ],
      [
        "*2365.00",
        0.996265172958374
      ]
    ],
    [
      [
        [
          11,
          1194
        ],
        [
          550,
          1221
        ],
        [
          546,
          1308
        ],
        [
          7,
          1281
        ]
      ],
      [
        "BANKA/KREDI KARTI",
        0.9660086631774902
      ]
    ],
    [
      [
        [
          732,
          1244
        ],
        [
          986,
          1260
        ],
        [
          982,
          1329
        ],
        [
          727,
          1313
        ]
      ],
      [
        "*2365.00",
        0.9979543685913086
      ]
    ],
    [
      [
        [
          15,
          1278
        ],
        [
          397,
          1296
        ],
        [
          393,
          1370
        ],
        [
          12,
          1352
        ]
      ],
      [
        "Garanti Bbva",
        0.9520118236541748
      ]
    ],
    [
      [
        [
          10,
          1349
        ],
        [
          779,
          1389
        ],
        [
          775,
          1465
        ],
        [
          6,
          1425
        ]
      ],
      [
        "MERSIS :0826052793800001",
        0.956502377986908
      ]
    ],
    [
      [
        [
          13,
          1425
        ],
        [
          433,
          1447
        ],
        [
          429,
          1511
        ],
        [
          10,
          1489
        ]
      ],
      [
        "T：2652483",
        0.9595658779144287
      ]
    ],
    [
      [
        [
          535,
          1450
        ],
        [
          990,
          1475
        ],
        [
          986,
          1542
        ],
        [
          531,
          1516
        ]
      ],
      [
        "T：04424165",
        0.9807051420211792
      ]
    ],
    [
      [
        [
          13,
          1493
        ],
        [
          416,
          1509
        ],
        [
          414,
          1573
        ],
        [
          10,
          1557
        ]
      ],
      [
        "18/04/2026-22:25",
        0.9901708364486694
      ]
    ],
    [
      [
        [
          567,
          1522
        ],
        [
          989,
          1541
        ],
        [
          986,
          1599
        ],
        [
          565,
          1579
        ]
      ],
      [
        "B:000437 S:020789",
        0.9770589470863342
      ]
    ],
    [
      [
        [
          10,
          1553
        ],
        [
          462,
          1573
        ],
        [
          460,
          1633
        ],
        [
          7,
          1612
        ]
      ],
      [
        "AID:A0000000031010",
        0.993068277835846
      ]
    ],
    [
      [
        [
          636,
          1586
        ],
        [
          989,
          1601
        ],
        [
          986,
          1659
        ],
        [
