{
  "status": "success",
  "image_width": 1039,
  "image_height": 2968,
  "detections": [
    [
      [
        [
          348,
          573
        ],
        [
          683,
          560
        ],
        [
          686,
          624
        ],
        [
          351,
          637
        ]
      ],
      [
        "E-Arsiv Fatura",
        0.9716808199882507
      ]
    ],
    [
      [
        [
          195,
          655
        ],
        [
          802,
          627
        ],
        [
          805,
          690
        ],
        [
          198,
          718
        ]
      ],
      [
        "BIM BIRLESIK MAGAZALAR A.S.",
        0.9301510453224182
      ]
    ],
    [
      [
        [
          81,
          731
        ],
        [
          948,
          691
        ],
        [
          952,
          764
        ],
        [
          84,
          804
        ]
      ],
      [
        "Erzene Mahallesi 8. sokak Kapi No:14/A",
        0.9215020537376404
      ]
    ],
    [
      [
        [
          328,
          795
        ],
        [
          697,
          784
        ],
        [
          699,
          851
        ],
        [
          330,
          862
        ]
      ],
      [
        "-1 Bornova/izmir",
        0.9381749629974365
      ]
    ],
    [
      [
        [
          151,
          876
        ],
        [
          877,
          848
        ],
        [
          880,
          915
        ],
        [
          154,
          943
        ]
      ],
      [
        "Buyuk Mukellefler VOM 1750051846",
        0.8869572877883911
      ]
    ],
    [
      [
        [
          60,
          951
        ],
        [
          652,
          933
        ],
        [
          654,
          996
        ],
        [
          62,
          1014
        ]
      ],
      [
        "FATURA N0:T122025084870300",
        0.9376921057701111
      ]
    ],
    [
      [
        [
          659,
          1007
        ],
        [
          962,
          993
        ],
        [
          965,
          1053
        ],
        [
          661,
          1067
        ]
      ],
      [
        "Sira No: 353",
        0.9356753826141357
      ]
    ],
    [
      [
        [
          61,
          1023
        ],
        [
          426,
          1016
        ],
        [
          428,
          1076
        ],
        [
          62,
          1082
        ]
      ],
      [
        "15.12.202518:41",
        0.9865718483924866
      ]
    ],
    [
      [
        [
          61,
          1095
        ],
        [
          963,
          1069
        ],
        [
          964,
          1131
        ],
        [
          63,
          1157
        ]
      ],
      [
        "ETTM70d23a69-2786-413e-bcab-c7c774cef4ca",
        0.96514493227005
      ]
    ],
    [
      [
        [
          200,
          1240
        ],
        [
          839,
          1222
        ],
        [
          841,
          1287
        ],
        [
          202,
          1305
        ]
      ],
      [
        "78960011512508210353",
        0.9971864819526672
      ]
    ],
    [
      [
        [
          59,
          1301
        ],
        [
          845,
          1278
        ],
        [
          847,
          1344
        ],
        [
          61,
          1367
        ]
      ],
      [
        "TCKN/VKN:I1I1I1IIII1-NIHAI TUKETICI",
        0.8174771666526794
      ]
    ],
    [
      [
        [
          762,
          1354
        ],
        [
          938,
          1350
        ],
        [
          939,
          1412
        ],
        [
          763,
          1416
        ]
      ],
      [
        "*539.00",
        0.9898983836174011
      ]
    ],
    [
      [
        [
          54,
          1370
        ],
        [
          606,
          1356
        ],
        [
          608,
          1426
        ],
        [
          56,
          1440
        ]
      ],
      [
        "LEGO KAHP VE OKGULUK %20",
        0.8833333849906921
      ]
    ],
    [
      [
        [
          782,
          1425
        ],
        [
          938,
          1420
        ],
        [
          940,
          1483
        ],
        [
          784,
          1489
        ]
      ],
      [
        "*89.83",
        0.9883514046669006
      ]
    ],
    [
      [
        [
          58,
          1447
        ],
        [
          295,
          1441
        ],
        [
          297,
          1501
        ],
        [
          60,
          1507
        ]
      ],
      [
        "TOPLAM KOV",
        0.8889981508255005
      ]
    ],
    [
      [
        [
          765,
          1495
        ],
        [
          938,
          1492
        ],
        [
          939,
          1554
        ],
        [
          766,
          1558
        ]
      ],
      [
        "*539.00",
        0.9927290678024292
      ]
    ],
    [
      [
        [
          58,
          1521
        ],
        [
          593,
          1506
        ],
        [
          595,
          1563
        ],
        [
          60,
          1578
        ]
      ],
      [
        "Odenecek KOV Dahil Tutar",
        0.9177064895629883
      ]
    ],
    [
      [
        [
          763,
          1564
        ],
        [
          938,
          1564
        ],
        [
          938,
          1630
        ],
        [
          763,
          1630
        ]
      ],
      [
        "*419.00",
        0.9836477041244507
      ]
    ],
    [
      [
        [
          53,
          1590
        ],
        [
          184,
          1586
        ],
        [
          186,
          1648
        ],
        [
          55,
          1652
        ]
      ],
      [
        "Nakit",
        0.9970757365226746
      ]
    ],
    [
      [
        [
          762,
          1641
        ],
        [
          934,
          1637
        ],
        [
          936,
          1700
        ],
        [
          763,
          1704
        ]
      ],
      [
        "*120.00",
        0.9949332475662231
      ]
    ],
    [
      [
        [
          52,
          1658
        ],
        [
          534,
          1646
        ],
        [
          536,
          1716
        ],
        [
          54,
          1728
        ]
      ],
      [
        "Banka Kredi Karti (1)",
        0.9531065821647644
      ]
    ],
    [
      [
        [
          55,
          1736
        ],
        [
          399,
          1725
        ],
        [
          401,
          1786
        ],
        [
          57,
          1797
        ]
      ],
      [
        "GARANTI BANKASI",
        0.981131374835968
      ]
    ],
    [
      [
        [
          49,
          1805
        ],
        [
          912,
          1779
        ],
        [
          914,
          1844
        ],
        [
          51,
          1871
        ]
      ],
      [
        "1:3562376 T:03693448 440293******2911",
        0.9506335854530334
      ]
    ],
    [
      [
        [
          45,
          1877
        ],
        [
          760,
          1857
        ],
        [
          762,
          1923
        ],
        [
          47,
          1943
        ]
      ],
      [
        "15.12.202518:41 B:1581 S:3499",
        0.9575550556182861
      ]
    ],
    [
      [
        [
          444,
          1939
        ],
        [
          893,
          1929
        ],
        [
          894,
          1992
        ],
        [
          445,
          2002
        ]
      ],
      [
        "Ref. No:534977583745",
        0.9598560333251953
      ]
    ],
    [
      [
        [
          42,
          1957
        ],
        [
          374,
          1940
        ],
        [
          378,
          2005
        ],
        [
          45,
          2022
        ]
      ],
      [
        "Onay No:185609",
