{
  "status": "success",
  "image_width": 962,
  "image_height": 2821,
  "detections": [
    [
      [
        [
          140,
          173
        ],
        [
          666,
          146
        ],
        [
          670,
          215
        ],
        [
          144,
          243
        ]
      ],
      [
        "BiM BIRLESIK MAGAZALAR A.S",
        0.9261575937271118
      ]
    ],
    [
      [
        [
          162,
          234
        ],
        [
          682,
          196
        ],
        [
          687,
          263
        ],
        [
          167,
          301
        ]
      ],
      [
        "Erzene Mah.8.Sok. No:48/A",
        0.9481117725372314
      ]
    ],
    [
      [
        [
          271,
          287
        ],
        [
          541,
          270
        ],
        [
          544,
          329
        ],
        [
          275,
          346
        ]
      ],
      [
        "Bornova/izmir",
        0.979405403137207
      ]
    ],
    [
      [
        [
          100,
          344
        ],
        [
          740,
          293
        ],
        [
          746,
          370
        ],
        [
          107,
          422
        ]
      ],
      [
        "BiVUKMUKELEFLER VDM 1750051846",
        0.9176499843597412
      ]
    ],
    [
      [
        [
          55,
          457
        ],
        [
          429,
          443
        ],
        [
          432,
          504
        ],
        [
          58,
          519
        ]
      ],
      [
        "TARiH : 13.12.2025",
        0.9507753849029541
      ]
    ],
    [
      [
        [
          54,
          511
        ],
        [
          148,
          511
        ],
        [
          148,
          567
        ],
        [
          54,
          567
        ]
      ],
      [
        "SAAT",
        0.8969324827194214
      ]
    ],
    [
      [
        [
          166,
          509
        ],
        [
          339,
          487
        ],
        [
          348,
          562
        ],
        [
          175,
          584
        ]
      ],
      [
        "19:25",
        0.9445627927780151
      ]
    ],
    [
      [
        [
          51,
          565
        ],
        [
          319,
          554
        ],
        [
          321,
          614
        ],
        [
          54,
          625
        ]
      ],
      [
        "FiS NO : 0186",
        0.8964735865592957
      ]
    ],
    [
      [
        [
          444,
          631
        ],
        [
          453,
          629
        ],
        [
          457,
          645
        ],
        [
          448,
          647
        ]
      ],
      [
        "c311",
        0.5970028638839722
      ]
    ],
    [
      [
        [
          260,
          661
        ],
        [
          472,
          651
        ],
        [
          475,
          721
        ],
        [
          263,
          731
        ]
      ],
      [
        "BiLGI FiSI",
        0.8955960273742676
      ]
    ],
    [
      [
        [
          44,
          790
        ],
        [
          438,
          764
        ],
        [
          442,
          832
        ],
        [
          48,
          858
        ]
      ],
      [
        "TUR : E-ARSIV FATURA",
        0.9561362266540527
      ]
    ],
    [
      [
        [
          43,
          849
        ],
        [
          567,
          810
        ],
        [
          572,
          877
        ],
        [
          48,
          916
        ]
      ],
      [
        "MISTERI VKN: 111111111",
        0.854490339756012
      ]
    ],
    [
      [
        [
          48,
          960
        ],
        [
          592,
          920
        ],
        [
          597,
          990
        ],
        [
          53,
          1030
        ]
      ],
      [
        "FATURA NO :T122025075108849",
        0.9376109838485718
      ]
    ],
    [
      [
        [
          728,
          1018
        ],
        [
          873,
          1015
        ],
        [
          874,
          1085
        ],
        [
          729,
          1087
        ]
      ],
      [
        "*49,50",
        0.9326505064964294
      ]
    ],
    [
      [
        [
          497,
          1040
        ],
        [
          573,
          1040
        ],
        [
          573,
          1101
        ],
        [
          497,
          1101
        ]
      ],
      [
        "%01",
        0.9648820757865906
      ]
    ],
    [
      [
        [
          56,
          1070
        ],
        [
          440,
          1046
        ],
        [
          444,
          1110
        ],
        [
          60,
          1134
        ]
      ],
      [
        "TURK KAHVESI 100G AE",
        0.9208999872207642
      ]
    ],
    [
      [
        [
          491,
          1072
        ],
        [
          498,
          1072
        ],
        [
          498,
          1082
        ],
        [
          491,
          1082
        ]
      ],
      [
        "\"",
        0.10422392189502716
      ]
    ],
    [
      [
        [
          500,
          1079
        ],
        [
          506,
          1079
        ],
        [
          506,
          1087
        ],
        [
          500,
          1087
        ]
      ],
      [
        "2",
        0.2537437081336975
      ]
    ],
    [
      [
        [
          728,
          1084
        ],
        [
          873,
          1077
        ],
        [
          876,
          1141
        ],
        [
          731,
          1148
        ]
      ],
      [
        "*60,00",
        0.9024090766906738
      ]
    ],
    [
      [
        [
          500,
          1101
        ],
        [
          571,
          1101
        ],
        [
          571,
          1160
        ],
        [
          500,
          1160
        ]
      ],
      [
        "%01",
        0.9204716086387634
      ]
    ],
    [
      [
        [
          56,
          1129
        ],
        [
          258,
          1120
        ],
        [
          260,
          1178
        ],
        [
          59,
          1187
        ]
      ],
      [
        "EKMEK ODUN",
        0.9510424733161926
      ]
    ],
    [
      [
        [
          711,
          1143
        ],
        [
          873,
          1135
        ],
        [
          876,
          1198
        ],
        [
          714,
          1206
        ]
      ],
      [
        "*100,00",
        0.9143676161766052
      ]
    ],
    [
      [
        [
          502,
          1158
        ],
        [
          575,
          1158
        ],
        [
          575,
          1214
        ],
        [
          502,
          1214
        ]
      ],
      [
        "%20",
        0.929172933101654
      ]
    ],
    [
      [
        [
          60,
          1183
        ],
        [
          420,
          1165
        ],
        [
          423,
          1222
        ],
        [
          63,
          1240
        ]
      ],
      [
        "TUVALET KAGIDI 12Li",
        0.93282550573349
      ]
    ],
    [
      [
        [
          731,
          1253
        ],
        [
          871,
          1248
        ],
        [
          873,
          1315
        ],
        [
          733,
          1319
        ]
      ],
      [
        "*17,75",
        0.9152894020080566
      ]
    ],
    [
      [
        [
          80,
          1291
        ],
        [
          206,
          1283
        ],
        [
          209,
          1340
        ],
        [
          83,
          1348
        ]
      ],
      [
        "TOPKDV",
        0.9862349629402161
      ]
    ],
    [
      [
        [
          714,
          1309
        ],
        [
          870,
          1305
        ],
        [
          871,
          1368
        ],
        [
