{
  "status": "success",
  "image_width": 1080,
  "image_height": 1920,
  "detections": [
    [
      [
        [
          199,
          89
        ],
        [
          765,
          84
        ],
        [
          765,
          127
        ],
        [
          200,
          132
        ]
      ],
      [
        "BIM BIRLESIK MAGAZALAR A.S.",
        0.9544849991798401
      ]
    ],
    [
      [
        [
          223,
          127
        ],
        [
          770,
          123
        ],
        [
          770,
          163
        ],
        [
          224,
          167
        ]
      ],
      [
        "Erzene Mah. 8.Sok.No:48/A",
        0.9395079612731934
      ]
    ],
    [
      [
        [
          358,
          159
        ],
        [
          631,
          165
        ],
        [
          630,
          205
        ],
        [
          357,
          199
        ]
      ],
      [
        "Bornova/izmir",
        0.9916698932647705
      ]
    ],
    [
      [
        [
          157,
          192
        ],
        [
          833,
          200
        ],
        [
          832,
          243
        ],
        [
          157,
          235
        ]
      ],
      [
        "BUYUK MUKELLEFLER VDM 1750051846",
        0.9462634325027466
      ]
    ],
    [
      [
        [
          85,
          262
        ],
        [
          215,
          262
        ],
        [
          215,
          303
        ],
        [
          85,
          303
        ]
      ],
      [
        "TARIH",
        0.9884061813354492
      ]
    ],
    [
      [
        [
          248,
          257
        ],
        [
          515,
          264
        ],
        [
          513,
          311
        ],
        [
          247,
          304
        ]
      ],
      [
        ":06.04.2026",
        0.9649096131324768
      ]
    ],
    [
      [
        [
          81,
          300
        ],
        [
          188,
          300
        ],
        [
          188,
          338
        ],
        [
          81,
          338
        ]
      ],
      [
        "SAAT",
        0.9934012293815613
      ]
    ],
    [
      [
        [
          263,
          305
        ],
        [
          280,
          313
        ],
        [
          270,
          334
        ],
        [
          253,
          326
        ]
      ],
      [
        "“",
        0.06992031633853912
      ]
    ],
    [
      [
        [
          290,
          299
        ],
        [
          410,
          299
        ],
        [
          410,
          334
        ],
        [
          290,
          334
        ]
      ],
      [
        "19:49",
        0.9844573140144348
      ]
    ],
    [
      [
        [
          76,
          333
        ],
        [
          237,
          331
        ],
        [
          237,
          376
        ],
        [
          77,
          378
        ]
      ],
      [
        "Fis NO",
        0.88791823387146
      ]
    ],
    [
      [
        [
          251,
          338
        ],
        [
          301,
          338
        ],
        [
          301,
          368
        ],
        [
          251,
          368
        ]
      ],
      [
        "：",
        0.770893931388855
      ]
    ],
    [
      [
        [
          288,
          330
        ],
        [
          388,
          330
        ],
        [
          388,
          369
        ],
        [
          288,
          369
        ]
      ],
      [
        "0322",
        0.9979805946350098
      ]
    ],
    [
      [
        [
          334,
          398
        ],
        [
          552,
          408
        ],
        [
          549,
          459
        ],
        [
          332,
          449
        ]
      ],
      [
        "BILGI FISI",
        0.8423483967781067
      ]
    ],
    [
      [
        [
          61,
          496
        ],
        [
          513,
          498
        ],
        [
          513,
          544
        ],
        [
          60,
          542
        ]
      ],
      [
        "TUR : E-ARSIV FATURA",
        0.9144473075866699
      ]
    ],
    [
      [
        [
          58,
          540
        ],
        [
          319,
          537
        ],
        [
          320,
          584
        ],
        [
          59,
          587
        ]
      ],
      [
        "MUSTERI VKN",
        0.9454686641693115
      ]
    ],
    [
      [
        [
          373,
          538
        ],
        [
          649,
          542
        ],
        [
          649,
          585
        ],
        [
          372,
          581
        ]
      ],
      [
        "：11111111111",
        0.9923522472381592
      ]
    ],
    [
      [
        [
          55,
          626
        ],
        [
          673,
          619
        ],
        [
          673,
          666
        ],
        [
          56,
          673
        ]
      ],
      [
        "FATURA NO:T042026037943998",
        0.9497956037521362
      ]
    ],
    [
      [
        [
          55,
          708
        ],
        [
          499,
          700
        ],
        [
          500,
          749
        ],
        [
          56,
          757
        ]
      ],
      [
        "YUMURTA 10 LU 63-73G",
        0.9313748478889465
      ]
    ],
    [
      [
        [
          574,
          699
        ],
        [
          644,
          699
        ],
        [
          644,
          744
        ],
        [
          574,
          744
        ]
      ],
      [
        "%01",
        0.9705920219421387
      ]
    ],
    [
      [
        [
          823,
          705
        ],
        [
          963,
          709
        ],
        [
          962,
          753
        ],
        [
          821,
          749
        ]
      ],
      [
        "*87,50",
        0.9335024952888489
      ]
    ],
    [
      [
        [
          78,
          796
        ],
        [
          217,
          800
        ],
        [
          215,
          841
        ],
        [
          77,
          837
        ]
      ],
      [
        "TOPKDV",
        0.9908428192138672
      ]
    ],
    [
      [
        [
          841,
          791
        ],
        [
          963,
          793
        ],
        [
          962,
          835
        ],
        [
          841,
          833
        ]
      ],
      [
        "*0,87",
        0.9213143587112427
      ]
    ],
    [
      [
        [
          81,
          836
        ],
        [
          217,
          841
        ],
        [
          215,
          879
        ],
        [
          79,
          873
        ]
      ],
      [
        "TOPLAM",
        0.9971942901611328
      ]
    ],
    [
      [
        [
          820,
          830
        ],
        [
          961,
          832
        ],
        [
          960,
          873
        ],
        [
          820,
          871
        ]
      ],
      [
        "*87,50",
        0.9479773044586182
      ]
    ],
    [
      [
        [
          99,
          911
        ],
        [
          344,
          905
        ],
        [
          345,
          945
        ],
        [
          100,
          951
        ]
      ],
      [
        "KREDi KARTI",
        0.9417620301246643
      ]
    ],
    [
      [
        [
          818,
          905
        ],
        [
          957,
          905
        ],
        [
          957,
          943
        ],
        [
          818,
          943
        ]
      ],
      [
        "*87,50",
        0.9534087181091309
      ]
    ],
    [
      [
        [
          54,
          946
        ],
        [
          521,
          950
        ],
        [
          521,
          994
        ],
        [
          53,
          990
        ]
      ],
      [
        "Banka Kredi Karti (1)",
