{
  "status": "success",
  "image_width": 645,
  "image_height": 2048,
  "detections": [
    [
      [
        [
          222,
          15
        ],
        [
          462,
          11
        ],
        [
          463,
          61
        ],
        [
          223,
          65
        ]
      ],
      [
        "HAKAN KARACA",
        0.9537379145622253
      ]
    ],
    [
      [
        [
          96,
          57
        ],
        [
          607,
          53
        ],
        [
          608,
          112
        ],
        [
          96,
          116
        ]
      ],
      [
        "FEVZIPASA MH.210 SK.NO:28/C",
        0.9363709688186646
      ]
    ],
    [
      [
        [
          235,
          105
        ],
        [
          444,
          102
        ],
        [
          445,
          161
        ],
        [
          237,
          164
        ]
      ],
      [
        "FOCA IZMIR",
        0.9067023992538452
      ]
    ],
    [
      [
        [
          60,
          155
        ],
        [
          625,
          149
        ],
        [
          626,
          204
        ],
        [
          61,
          210
        ]
      ],
      [
        "TEL:0232 812 3 812-05376307080",
        0.9829134345054626
      ]
    ],
    [
      [
        [
          144,
          206
        ],
        [
          532,
          195
        ],
        [
          534,
          259
        ],
        [
          145,
          270
        ]
      ],
      [
        "FOCA VD.37960480894",
        0.9584479331970215
      ]
    ],
    [
      [
        [
          42,
          274
        ],
        [
          151,
          279
        ],
        [
          148,
          340
        ],
        [
          40,
          335
        ]
      ],
      [
        "TARIH",
        0.8851073384284973
      ]
    ],
    [
      [
        [
          238,
          277
        ],
        [
          473,
          279
        ],
        [
          472,
          338
        ],
        [
          238,
          336
        ]
      ],
      [
        ":12/04/2026",
        0.9759586453437805
      ]
    ],
    [
      [
        [
          42,
          335
        ],
        [
          130,
          335
        ],
        [
          130,
          389
        ],
        [
          42,
          389
        ]
      ],
      [
        "SAAT",
        0.9914084076881409
      ]
    ],
    [
      [
        [
          242,
          330
        ],
        [
          440,
          334
        ],
        [
          438,
          391
        ],
        [
          240,
          387
        ]
      ],
      [
        ":17:02:22",
        0.9289519786834717
      ]
    ],
    [
      [
        [
          41,
          381
        ],
        [
          171,
          388
        ],
        [
          167,
          453
        ],
        [
          37,
          446
        ]
      ],
      [
        "FiS NO",
        0.8290504813194275
      ]
    ],
    [
      [
        [
          241,
          386
        ],
        [
          365,
          386
        ],
        [
          365,
          441
        ],
        [
          241,
          441
        ]
      ],
      [
        ":0029",
        0.9427436590194702
      ]
    ],
    [
      [
        [
          44,
          458
        ],
        [
          204,
          466
        ],
        [
          202,
          507
        ],
        [
          42,
          499
        ]
      ],
      [
        "TEMEL GIDA",
        0.9590107798576355
      ]
    ],
    [
      [
        [
          387,
          472
        ],
        [
          448,
          476
        ],
        [
          446,
          514
        ],
        [
          385,
          510
        ]
      ],
      [
        "%01",
        0.9913585782051086
      ]
    ],
    [
      [
        [
          458,
          472
        ],
        [
          608,
          479
        ],
        [
          606,
          524
        ],
        [
          456,
          517
        ]
      ],
      [
        "*1.580,00",
        0.9136567711830139
      ]
    ],
    [
      [
        [
          40,
          548
        ],
        [
          200,
          555
        ],
        [
          198,
          613
        ],
        [
          38,
          606
        ]
      ],
      [
        "TOPKDV",
        0.9948606491088867
      ]
    ],
    [
      [
        [
          447,
          556
        ],
        [
          615,
          563
        ],
        [
          612,
          624
        ],
        [
          445,
          617
        ]
      ],
      [
        "*15,64",
        0.9589500427246094
      ]
    ],
    [
      [
        [
          39,
          608
        ],
        [
          202,
          610
        ],
        [
          201,
          667
        ],
        [
          38,
          665
        ]
      ],
      [
        "TOPLAM",
        0.9937620162963867
      ]
    ],
    [
      [
        [
          375,
          608
        ],
        [
          612,
          617
        ],
        [
          610,
          676
        ],
        [
          373,
          667
        ]
      ],
      [
        "*1.580,00",
        0.9818916320800781
      ]
    ],
    [
      [
        [
          37,
          716
        ],
        [
          146,
          716
        ],
        [
          146,
          776
        ],
        [
          37,
          776
        ]
      ],
      [
        "KREDi",
        0.9478882551193237
      ]
    ],
    [
      [
        [
          433,
          719
        ],
        [
          617,
          722
        ],
        [
          616,
          782
        ],
        [
          432,
          779
        ]
      ],
      [
        "*1.580,00",
        0.9757780432701111
      ]
    ],
    [
      [
        [
          54,
          773
        ],
        [
          233,
          771
        ],
        [
          234,
          824
        ],
        [
          55,
          826
        ]
      ],
      [
        "VAKIFBANK",
        0.9956843256950378
      ]
    ],
    [
      [
        [
          57,
          811
        ],
        [
          358,
          826
        ],
        [
          355,
          876
        ],
        [
          55,
          861
        ]
      ],
      [
        "************2911",
        0.9107181429862976
      ]
    ],
    [
      [
        [
          38,
          890
        ],
        [
          340,
          897
        ],
        [
          339,
          950
        ],
        [
          37,
          943
        ]
      ],
      [
        "T.SICIL NO:0000",
        0.950433611869812
      ]
    ],
    [
      [
        [
          53,
          939
        ],
        [
          408,
          952
        ],
        [
          406,
          1007
        ],
        [
          51,
          994
        ]
      ],
      [
        "www.hakangurme.com.",
        0.9914034008979797
      ]
    ],
    [
      [
        [
          36,
          988
        ],
        [
          251,
          992
        ],
        [
          250,
          1042
        ],
        [
          35,
          1038
        ]
      ],
      [
        "EKU NO:0001",
        0.9035077691078186
      ]
    ],
    [
      [
        [
          448,
          997
        ],
        [
          627,
          997
        ],
        [
          627,
          1044
        ],
        [
          448,
          1044
        ]
      ],
      [
        "Z NO:3718",
        0.9187189936637878
      ]
    ],
    [
      [
        [
          31,
          1118
        ],
        [
          350,
          1121
        ],
        [
          349,
          1167
        ],
        [
          30,
          1164
        ]
      ],
      [
        "iSYERINO:1023000090333",
