{
  "status": "success",
  "image_width": 715,
  "image_height": 2048,
  "detections": [
    [
      [
        [
          440,
          0
        ],
        [
          568,
          0
        ],
        [
          568,
          13
        ],
        [
          440,
          13
        ]
      ],
      [
        "",
        0.0
      ]
    ],
    [
      [
        [
          245,
          218
        ],
        [
          524,
          209
        ],
        [
          526,
          268
        ],
        [
          247,
          277
        ]
      ],
      [
        "CAN MARKET",
        0.9472019076347351
      ]
    ],
    [
      [
        [
          215,
          275
        ],
        [
          554,
          275
        ],
        [
          554,
          339
        ],
        [
          215,
          339
        ]
      ],
      [
        "MERT HALIL AKTAS",
        0.9411531090736389
      ]
    ],
    [
      [
        [
          115,
          339
        ],
        [
          663,
          330
        ],
        [
          665,
          394
        ],
        [
          117,
          403
        ]
      ],
      [
        "ISMETPASA MH. MERSINAKI CD.",
        0.9417067170143127
      ]
    ],
    [
      [
        [
          174,
          393
        ],
        [
          583,
          389
        ],
        [
          583,
          445
        ],
        [
          175,
          449
        ]
      ],
      [
        "NO:166/35 F0CA IZMIR",
        0.9216521382331848
      ]
    ],
    [
      [
        [
          275,
          451
        ],
        [
          500,
          446
        ],
        [
          501,
          494
        ],
        [
          276,
          499
        ]
      ],
      [
        "28636972980",
        0.9998002648353577
      ]
    ],
    [
      [
        [
          210,
          496
        ],
        [
          533,
          490
        ],
        [
          535,
          541
        ],
        [
          211,
          547
        ]
      ],
      [
        "FOCA V.D. TC NO:",
        0.9242353439331055
      ]
    ],
    [
      [
        [
          61,
          572
        ],
        [
          171,
          572
        ],
        [
          171,
          623
        ],
        [
          61,
          623
        ]
      ],
      [
        "TARIH",
        0.9898660778999329
      ]
    ],
    [
      [
        [
          274,
          571
        ],
        [
          513,
          563
        ],
        [
          514,
          615
        ],
        [
          275,
          623
        ]
      ],
      [
        ":12/04/2026",
        0.9625797271728516
      ]
    ],
    [
      [
        [
          61,
          629
        ],
        [
          149,
          629
        ],
        [
          149,
          677
        ],
        [
          61,
          677
        ]
      ],
      [
        "SAAT",
        0.9940855503082275
      ]
    ],
    [
      [
        [
          307,
          626
        ],
        [
          476,
          623
        ],
        [
          477,
          668
        ],
        [
          308,
          671
        ]
      ],
      [
        "14:18:50",
        0.9660674929618835
      ]
    ],
    [
      [
        [
          57,
          679
        ],
        [
          190,
          677
        ],
        [
          191,
          738
        ],
        [
          58,
          740
        ]
      ],
      [
        "FIS NO",
        0.8654410243034363
      ]
    ],
    [
      [
        [
          277,
          676
        ],
        [
          399,
          676
        ],
        [
          399,
          726
        ],
        [
          277,
          726
        ]
      ],
      [
        ":0031",
        0.9133963584899902
      ]
    ],
    [
      [
        [
          426,
          753
        ],
        [
          485,
          753
        ],
        [
          485,
          804
        ],
        [
          426,
          804
        ]
      ],
      [
        "%01",
        0.9877915382385254
      ]
    ],
    [
      [
        [
          536,
          749
        ],
        [
          665,
          745
        ],
        [
          667,
          804
        ],
        [
          538,
          808
        ]
      ],
      [
        "*480,00",
        0.8908919095993042
      ]
    ],
    [
      [
        [
          59,
          762
        ],
        [
          134,
          762
        ],
        [
          134,
          814
        ],
        [
          59,
          814
        ]
      ],
      [
        "GIDA",
        0.9989631772041321
      ]
    ],
    [
      [
        [
          519,
          863
        ],
        [
          659,
          863
        ],
        [
          659,
          919
        ],
        [
          519,
          919
        ]
      ],
      [
        "*4,75",
        0.9587811231613159
      ]
    ],
    [
      [
        [
          59,
          878
        ],
        [
          224,
          876
        ],
        [
          225,
          924
        ],
        [
          59,
          926
        ]
      ],
      [
        "TOPKDV",
        0.9968574643135071
      ]
    ],
    [
      [
        [
          465,
          919
        ],
        [
          658,
          919
        ],
        [
          658,
          977
        ],
        [
          465,
          977
        ]
      ],
      [
        "*480,00",
        0.9754064679145813
      ]
    ],
    [
      [
        [
          58,
          935
        ],
        [
          223,
          933
        ],
        [
          224,
          981
        ],
        [
          58,
          983
        ]
      ],
      [
        "TOPLAM",
        0.9966301321983337
      ]
    ],
    [
      [
        [
          516,
          1029
        ],
        [
          662,
          1029
        ],
        [
          662,
          1081
        ],
        [
          516,
          1081
        ]
      ],
      [
        "*480,00",
        0.9379285573959351
      ]
    ],
    [
      [
        [
          54,
          1047
        ],
        [
          160,
          1043
        ],
        [
          162,
          1088
        ],
        [
          56,
          1092
        ]
      ],
      [
        "KREDI",
        0.9716119766235352
      ]
    ],
    [
      [
        [
          67,
          1093
        ],
        [
          256,
          1084
        ],
        [
          258,
          1129
        ],
        [
          69,
          1138
        ]
      ],
      [
        "VAKIFBANK",
        0.9967057108879089
      ]
    ],
    [
      [
        [
          66,
          1130
        ],
        [
          387,
          1135
        ],
        [
          386,
          1182
        ],
        [
          65,
          1177
        ]
      ],
      [
        "************2911",
        0.9459221363067627
      ]
    ],
    [
      [
        [
          41,
          1215
        ],
        [
          265,
          1211
        ],
        [
          266,
          1262
        ],
        [
          42,
          1266
        ]
      ],
      [
        "T.SICIL NO:",
        0.9739952087402344
      ]
    ],
    [
      [
        [
          37,
          1322
        ],
        [
          268,
          1320
        ],
        [
          268,
          1371
        ],
        [
          38,
          1373
        ]
      ],
      [
        "EKü NO:0002",
        0.8971138596534729
      ]
    ],
    [
      [
        [
          493,
          1314
        ],
        [
          680,
          1314
        ],
        [
          680,
          1362
        ],
        [
          493,
          1362
        ]
      ],
      [
        "ZNO:1977",
        0.9792147278785706
      ]
    ],
    [
      [
