{
  "status": "success",
  "image_width": 529,
  "image_height": 1397,
  "detections": [
    [
      [
        [
          140,
          82
        ],
        [
          384,
          82
        ],
        [
          384,
          118
        ],
        [
          140,
          118
        ]
      ],
      [
        "BUENAS RESTORAN",
        0.9743048548698425
      ]
    ],
    [
      [
        [
          74,
          116
        ],
        [
          446,
          118
        ],
        [
          446,
          165
        ],
        [
          74,
          163
        ]
      ],
      [
        "TASBAHCE GIDA TURZ.ORG.",
        0.953077495098114
      ]
    ],
    [
      [
        [
          41,
          153
        ],
        [
          482,
          159
        ],
        [
          481,
          209
        ],
        [
          41,
          202
        ]
      ],
      [
        "SAN.VE TIC.AS ERZENE MAH.83",
        0.9676530361175537
      ]
    ],
    [
      [
        [
          74,
          197
        ],
        [
          450,
          202
        ],
        [
          450,
          251
        ],
        [
          74,
          247
        ]
      ],
      [
        "SOK.NO:10 BORNOVA/IZMIR",
        0.9483476877212524
      ]
    ],
    [
      [
        [
          75,
          244
        ],
        [
          434,
          247
        ],
        [
          433,
          286
        ],
        [
          75,
          283
        ]
      ],
      [
        "BORNOVAV.D 8260527938",
        0.9744893312454224
      ]
    ],
    [
      [
        [
          0,
          295
        ],
        [
          215,
          303
        ],
        [
          214,
          354
        ],
        [
          0,
          346
        ]
      ],
      [
        "FiSNO: 0027",
        0.8432597517967224
      ]
    ],
    [
      [
        [
          266,
          305
        ],
        [
          512,
          310
        ],
        [
          511,
          359
        ],
        [
          265,
          355
        ]
      ],
      [
        "TARIH:18/04/26",
        0.9884352684020996
      ]
    ],
    [
      [
        [
          0,
          342
        ],
        [
          73,
          347
        ],
        [
          70,
          384
        ],
        [
          0,
          378
        ]
      ],
      [
        "SAAT",
        0.9953792095184326
      ]
    ],
    [
      [
        [
          96,
          356
        ],
        [
          135,
          356
        ],
        [
          135,
          389
        ],
        [
          96,
          389
        ]
      ],
      [
        ":",
        0.5146289467811584
      ]
    ],
    [
      [
        [
          377,
          354
        ],
        [
          509,
          358
        ],
        [
          508,
          398
        ],
        [
          376,
          395
        ]
      ],
      [
        "22:24:57",
        0.9790405035018921
      ]
    ],
    [
      [
        [
          0,
          402
        ],
        [
          119,
          413
        ],
        [
          115,
          454
        ],
        [
          0,
          442
        ]
      ],
      [
        "YIYECEK",
        0.9683100581169128
      ]
    ],
    [
      [
        [
          266,
          417
        ],
        [
          325,
          420
        ],
        [
          323,
          458
        ],
        [
          264,
          455
        ]
      ],
      [
        "%10",
        0.9195794463157654
      ]
    ],
    [
      [
        [
          377,
          420
        ],
        [
          509,
          424
        ],
        [
          508,
          462
        ],
        [
          376,
          458
        ]
      ],
      [
        "*2365.00",
        0.9858303070068359
      ]
    ],
    [
      [
        [
          0,
          488
        ],
        [
          102,
          493
        ],
        [
          100,
          530
        ],
        [
          0,
          525
        ]
      ],
      [
        "TOPKDV",
        0.9950523376464844
      ]
    ],
    [
      [
        [
          392,
          503
        ],
        [
          508,
          507
        ],
        [
          507,
          544
        ],
        [
          390,
          539
        ]
      ],
      [
        "*215.00",
        0.9841076135635376
      ]
    ],
    [
      [
        [
          0,
          532
        ],
        [
          100,
          534
        ],
        [
          100,
          569
        ],
        [
          0,
          566
        ]
      ],
      [
        "TOPLAM",
        0.9916617274284363
      ]
    ],
    [
      [
        [
          377,
          542
        ],
        [
          507,
          547
        ],
        [
          506,
          584
        ],
        [
          376,
          579
        ]
      ],
      [
        "*2365.00",
        0.9916058778762817
      ]
    ],
    [
      [
        [
          0,
          604
        ],
        [
          277,
          609
        ],
        [
          276,
          660
        ],
        [
          0,
          655
        ]
      ],
      [
        "BANKA/KREDI KARTI",
        0.9130974411964417
      ]
    ],
    [
      [
        [
          376,
          622
        ],
        [
          505,
          628
        ],
        [
          504,
          661
        ],
        [
          375,
          655
        ]
      ],
      [
        "*2365.00",
        0.9890318512916565
      ]
    ],
    [
      [
        [
          0,
          654
        ],
        [
          195,
          654
        ],
        [
          195,
          691
        ],
        [
          0,
          691
        ]
      ],
      [
        "Garanti Bbva",
        0.9739461541175842
      ]
    ],
    [
      [
        [
          0,
          687
        ],
        [
          398,
          693
        ],
        [
          397,
          735
        ],
        [
          0,
          730
        ]
      ],
      [
        "MERSIS:0826052793800001",
        0.9763103127479553
      ]
    ],
    [
      [
        [
          0,
          731
        ],
        [
          215,
          729
        ],
        [
          215,
          763
        ],
        [
          0,
          765
        ]
      ],
      [
        "I：2652483",
        0.9673122763633728
      ]
    ],
    [
      [
        [
          273,
          732
        ],
        [
          505,
          738
        ],
        [
          504,
          770
        ],
        [
          272,
          764
        ]
      ],
      [
        "T：04424165",
        0.9832099676132202
      ]
    ],
    [
      [
        [
          0,
          766
        ],
        [
          206,
          761
        ],
        [
          206,
          795
        ],
        [
          0,
          800
        ]
      ],
      [
        "18/04/2026-22:25",
        0.9864671230316162
      ]
    ],
    [
      [
        [
          285,
          766
        ],
        [
          505,
          772
        ],
        [
          504,
          802
        ],
        [
          285,
          795
        ]
      ],
      [
        "B:000437S:020789",
        0.966963529586792
      ]
    ],
    [
      [
        [
          0,
          797
        ],
        [
          231,
          792
        ],
        [
          232,
          824
        ],
        [
          0,
          830
        ]
      ],
      [
        "AID:A0000000031010",
        0.9323757886886597
      ]
    ],
    [
      [
        [
          324,
          797
        ],
        [
          505,
          804
        ],
        [
          504,
          834
        ],
        [
          323,
          827
        ]
      ],
      [
        "APP.LABEL:VISA",
