{
  "status": "success",
  "image_width": 418,
  "image_height": 1600,
  "detections": [
    [
      [
        [
          11,
          36
        ],
        [
          402,
          39
        ],
        [
          402,
          93
        ],
        [
          11,
          90
        ]
      ],
      [
        "SUHA UNLU MAMUL.GIDA KAFE ISL.",
        0.9139116406440735
      ]
    ],
    [
      [
        [
          75,
          86
        ],
        [
          334,
          86
        ],
        [
          334,
          130
        ],
        [
          75,
          130
        ]
      ],
      [
        "INS.SAN.TIC.LTD.STI.",
        0.9347776174545288
      ]
    ],
    [
      [
        [
          38,
          121
        ],
        [
          371,
          126
        ],
        [
          370,
          170
        ],
        [
          37,
          165
        ]
      ],
      [
        "ERZENE MH.FEVZI CAKMAK CD.",
        0.9454299211502075
      ]
    ],
    [
      [
        [
          76,
          165
        ],
        [
          329,
          164
        ],
        [
          330,
          198
        ],
        [
          76,
          199
        ]
      ],
      [
        "NO:5/EBORNOVA/IZMIR",
        0.9804540872573853
      ]
    ],
    [
      [
        [
          65,
          201
        ],
        [
          357,
          197
        ],
        [
          358,
          233
        ],
        [
          66,
          237
        ]
      ],
      [
        "BORNOVA V.D. 7850610793",
        0.9585356712341309
      ]
    ],
    [
      [
        [
          6,
          240
        ],
        [
          79,
          248
        ],
        [
          75,
          284
        ],
        [
          2,
          276
        ]
      ],
      [
        "TARIH",
        0.944288432598114
      ]
    ],
    [
      [
        [
          137,
          255
        ],
        [
          289,
          252
        ],
        [
          290,
          286
        ],
        [
          138,
          289
        ]
      ],
      [
        "：18/04/2026",
        0.952731192111969
      ]
    ],
    [
      [
        [
          6,
          277
        ],
        [
          64,
          283
        ],
        [
          61,
          313
        ],
        [
          3,
          307
        ]
      ],
      [
        "SAAT",
        0.9917691946029663
      ]
    ],
    [
      [
        [
          138,
          288
        ],
        [
          267,
          290
        ],
        [
          267,
          320
        ],
        [
          137,
          318
        ]
      ],
      [
        "：23:07:16",
        0.9003339409828186
      ]
    ],
    [
      [
        [
          7,
          308
        ],
        [
          90,
          317
        ],
        [
          86,
          352
        ],
        [
          3,
          343
        ]
      ],
      [
        "FiS NO",
        0.8555715084075928
      ]
    ],
    [
      [
        [
          151,
          321
        ],
        [
          218,
          321
        ],
        [
          218,
          349
        ],
        [
          151,
          349
        ]
      ],
      [
        "0138",
        0.9981029033660889
      ]
    ],
    [
      [
        [
          7,
          356
        ],
        [
          112,
          364
        ],
        [
          110,
          395
        ],
        [
          4,
          387
        ]
      ],
      [
        "Profiterol",
        0.914445698261261
      ]
    ],
    [
      [
        [
          235,
          368
        ],
        [
          273,
          368
        ],
        [
          273,
          395
        ],
        [
          235,
          395
        ]
      ],
      [
        "%10",
        0.9671466946601868
      ]
    ],
    [
      [
        [
          306,
          362
        ],
        [
          389,
          362
        ],
        [
          389,
          393
        ],
        [
          306,
          393
        ]
      ],
      [
        "*300,00",
        0.9274781346321106
      ]
    ],
    [
      [
        [
          6,
          390
        ],
        [
          112,
          394
        ],
        [
          111,
          424
        ],
        [
          5,
          420
        ]
      ],
      [
        "Profiterol",
        0.9489694833755493
      ]
    ],
    [
      [
        [
          233,
          399
        ],
        [
          273,
          399
        ],
        [
          273,
          425
        ],
        [
          233,
          425
        ]
      ],
      [
        "%10",
        0.9950159192085266
      ]
    ],
    [
      [
        [
          307,
          394
        ],
        [
          389,
          396
        ],
        [
          388,
          428
        ],
        [
          306,
          426
        ]
      ],
      [
        "*300,00",
        0.9309369921684265
      ]
    ],
    [
      [
        [
          6,
          421
        ],
        [
          111,
          425
        ],
        [
          110,
          456
        ],
        [
          5,
          452
        ]
      ],
      [
        "Profiterol",
        0.9487220048904419
      ]
    ],
    [
      [
        [
          235,
          427
        ],
        [
          274,
          431
        ],
        [
          272,
          457
        ],
        [
          233,
          453
        ]
      ],
      [
        "%10",
        0.9752698540687561
      ]
    ],
    [
      [
        [
          308,
          430
        ],
        [
          388,
          430
        ],
        [
          388,
          458
        ],
        [
          308,
          458
        ]
      ],
      [
        "*300,00",
        0.9365020990371704
      ]
    ],
    [
      [
        [
          5,
          452
        ],
        [
          212,
          457
        ],
        [
          211,
          495
        ],
        [
          4,
          490
        ]
      ],
      [
        "Tavukgōğuslü Kazandi",
        0.9374904632568359
      ]
    ],
    [
      [
        [
          234,
          457
        ],
        [
          274,
          461
        ],
        [
          272,
          488
        ],
        [
          232,
          485
        ]
      ],
      [
        "%10",
        0.9913703799247742
      ]
    ],
    [
      [
        [
          307,
          461
        ],
        [
          389,
          461
        ],
        [
          389,
          492
        ],
        [
          307,
          492
        ]
      ],
      [
        "*280,00",
        0.9421395063400269
      ]
    ],
    [
      [
        [
          4,
          488
        ],
        [
          34,
          488
        ],
        [
          34,
          519
        ],
        [
          4,
          519
        ]
      ],
      [
        "Su",
        0.8660204410552979
      ]
    ],
    [
      [
        [
          234,
          491
        ],
        [
          273,
          491
        ],
        [
          273,
          519
        ],
        [
          234,
          519
        ]
      ],
      [
        "%10",
        0.9559106826782227
      ]
    ],
    [
      [
        [
          318,
          492
        ],
        [
          389,
          496
        ],
        [
          388,
          527
        ],
        [
          316,
          523
        ]
      ],
      [
        "*30,00",
        0.9237527251243591
      ]
    ],
    [
      [
        [
          5,
          555
        ],
        [
          107,
          558
        ],
        [
          106,
          589
        ],
        [
          4,
          586
        ]
      ],
      [
        "TOPKDV",
        0.996185839176178
      ]
    ],
    [
      [
        [
          263,
