{
  "status": "success",
  "image_width": 580,
  "image_height": 1498,
  "detections": [
    [
      [
        [
          40,
          71
        ],
        [
          501,
          37
        ],
        [
          505,
          83
        ],
        [
          44,
          117
        ]
      ],
      [
        "TANKAR OTOMOTIV PETROL GIDA",
        0.942809522151947
      ]
    ],
    [
      [
        [
          23,
          111
        ],
        [
          507,
          73
        ],
        [
          511,
          116
        ],
        [
          27,
          153
        ]
      ],
      [
        "TEKSTIL HIZMETINSAAT SAN.VE",
        0.9592384696006775
      ]
    ],
    [
      [
        [
          35,
          143
        ],
        [
          524,
          104
        ],
        [
          528,
          160
        ],
        [
          39,
          199
        ]
      ],
      [
        "TIC LTD. STI. REFIK SEVKET",
        0.8688609600067139
      ]
    ],
    [
      [
        [
          10,
          187
        ],
        [
          535,
          144
        ],
        [
          538,
          190
        ],
        [
          14,
          233
        ]
      ],
      [
        "INCE MAH. 2148/9 SOK.NO:435000",
        0.9409492611885071
      ]
    ],
    [
      [
        [
          144,
          216
        ],
        [
          407,
          193
        ],
        [
          411,
          237
        ],
        [
          148,
          260
        ]
      ],
      [
        "BAYRAKLI/ IZMIR",
        0.9208718538284302
      ]
    ],
    [
      [
        [
          150,
          252
        ],
        [
          404,
          232
        ],
        [
          407,
          275
        ],
        [
          153,
          295
        ]
      ],
      [
        "TEL：8502153535",
        0.9645600914955139
      ]
    ],
    [
      [
        [
          88,
          291
        ],
        [
          469,
          266
        ],
        [
          472,
          310
        ],
        [
          90,
          335
        ]
      ],
      [
        "VERGI DAIRESI: GAZIEMIR",
        0.9358804225921631
      ]
    ],
    [
      [
        [
          91,
          329
        ],
        [
          451,
          303
        ],
        [
          454,
          349
        ],
        [
          95,
          375
        ]
      ],
      [
        "VKN/TCKN:8200045128",
        0.964287281036377
      ]
    ],
    [
      [
        [
          46,
          370
        ],
        [
          518,
          337
        ],
        [
          522,
          382
        ],
        [
          50,
          415
        ]
      ],
      [
        "MERSiSNO:0820004512800011",
        0.9681651592254639
      ]
    ],
    [
      [
        [
          57,
          409
        ],
        [
          496,
          375
        ],
        [
          499,
          419
        ],
        [
          60,
          453
        ]
      ],
      [
        "EPDKNO:BAY/939-82/35548",
        0.9737640619277954
      ]
    ],
    [
      [
        [
          80,
          447
        ],
        [
          489,
          414
        ],
        [
          492,
          458
        ],
        [
          84,
          491
        ]
      ],
      [
        "ISTASYON ADANO:1-2-3-4",
        0.9580467343330383
      ]
    ],
    [
      [
        [
          473,
          510
        ],
        [
          504,
          510
        ],
        [
          504,
          529
        ],
        [
          473,
          529
        ]
      ],
      [
        "17",
        0.920183539390564
      ]
    ],
    [
      [
        [
          491,
          505
        ],
        [
          541,
          500
        ],
        [
          544,
          530
        ],
        [
          494,
          535
        ]
      ],
      [
        ":57",
        0.867931604385376
      ]
    ],
    [
      [
        [
          509,
          511
        ],
        [
          518,
          511
        ],
        [
          518,
          520
        ],
        [
          509,
          520
        ]
      ],
      [
        "训",
        0.2562132179737091
      ]
    ],
    [
      [
        [
          20,
          543
        ],
        [
          198,
          529
        ],
        [
          202,
          570
        ],
        [
          23,
          584
        ]
      ],
      [
        "09-03-2026",
        0.9938847422599792
      ]
    ],
    [
      [
        [
          22,
          579
        ],
        [
          216,
          563
        ],
        [
          219,
          600
        ],
        [
          25,
          616
        ]
      ],
      [
        "FiS NO:0148",
        0.8185150027275085
      ]
    ],
    [
      [
        [
          166,
          608
        ],
        [
          398,
          590
        ],
        [
          401,
          630
        ],
        [
          169,
          647
        ]
      ],
      [
        "35KGB34",
        0.9922121167182922
      ]
    ],
    [
      [
        [
          456,
          624
        ],
        [
          546,
          620
        ],
        [
          548,
          664
        ],
        [
          458,
          668
        ]
      ],
      [
        "66,08",
        0.9816890954971313
      ]
    ],
    [
      [
        [
          28,
          662
        ],
        [
          198,
          648
        ],
        [
          202,
          685
        ],
        [
          31,
          699
        ]
      ],
      [
        "38,40LTx",
        0.8463690280914307
      ]
    ],
    [
      [
        [
          327,
          664
        ],
        [
          547,
          654
        ],
        [
          549,
          698
        ],
        [
          329,
          708
        ]
      ],
      [
        "%20*2.537,47",
        0.9603275656700134
      ]
    ],
    [
      [
        [
          30,
          692
        ],
        [
          234,
          674
        ],
        [
          237,
          711
        ],
        [
          33,
          729
        ]
      ],
      [
        "MOTORINSVPD",
        0.9784583449363708
      ]
    ],
    [
      [
        [
          425,
          699
        ],
        [
          543,
          705
        ],
        [
          541,
          740
        ],
        [
          423,
          734
        ]
      ],
      [
        "*422,91",
        0.9054409861564636
      ]
    ],
    [
      [
        [
          34,
          732
        ],
        [
          92,
          730
        ],
        [
          93,
          759
        ],
        [
          35,
          761
        ]
      ],
      [
        "KDV",
        0.972148597240448
      ]
    ],
    [
      [
        [
          394,
          731
        ],
        [
          542,
          729
        ],
        [
          543,
          766
        ],
        [
          394,
          768
        ]
      ],
      [
        "*2.537,47",
        0.9846453070640564
      ]
    ],
    [
      [
        [
          37,
          755
        ],
        [
          142,
          751
        ],
        [
          143,
          781
        ],
        [
          38,
          786
        ]
      ],
      [
        "TOPLAM",
        0.9946519732475281
      ]
    ],
    [
      [
        [
          390,
          772
        ],
        [
          539,
          769
        ],
        [
          540,
          809
        ],
        [
          391,
          813
        ]
      ],
      [
        "*2.537,47",
        0.942611575126648
      ]
    ],
    [
      [
        [
          33,
          794
        ],
        [
          172,
          784
        ],
        [
          175,
          825
        ],
        [
          36,
          835
        ]
