{
  "status": "success",
  "image_width": 542,
  "image_height": 1600,
  "detections": [
    [
      [
        [
          89,
          0
        ],
        [
          398,
          3
        ],
        [
          396,
          44
        ],
        [
          87,
          33
        ]
      ],
      [
        "BIM BiRLESiK MAGAZALAR A.S.",
        0.9408918023109436
      ]
    ],
    [
      [
        [
          99,
          24
        ],
        [
          400,
          41
        ],
        [
          398,
          75
        ],
        [
          97,
          58
        ]
      ],
      [
        "Erzene Mah.8.Sok. No:48/A",
        0.9473657011985779
      ]
    ],
    [
      [
        [
          167,
          62
        ],
        [
          321,
          70
        ],
        [
          320,
          105
        ],
        [
          165,
          97
        ]
      ],
      [
        "Bornova/izmir",
        0.9912325739860535
      ]
    ],
    [
      [
        [
          68,
          89
        ],
        [
          431,
          109
        ],
        [
          429,
          145
        ],
        [
          66,
          125
        ]
      ],
      [
        "BUYiKMUKELLEFLERVDM1750051846",
        0.9488162398338318
      ]
    ],
    [
      [
        [
          35,
          159
        ],
        [
          254,
          169
        ],
        [
          252,
          205
        ],
        [
          33,
          195
        ]
      ],
      [
        "TARiH:30.03.2026",
        0.9848717451095581
      ]
    ],
    [
      [
        [
          33,
          192
        ],
        [
          201,
          202
        ],
        [
          199,
          239
        ],
        [
          31,
          229
        ]
      ],
      [
        "SAAT:09:22",
        0.9689242243766785
      ]
    ],
    [
      [
        [
          33,
          227
        ],
        [
          189,
          236
        ],
        [
          187,
          273
        ],
        [
          31,
          264
        ]
      ],
      [
        "FiS NO:0009",
        0.936583936214447
      ]
    ],
    [
      [
        [
          156,
          302
        ],
        [
          274,
          306
        ],
        [
          273,
          341
        ],
        [
          155,
          337
        ]
      ],
      [
        "BILGI FISI",
        0.931484580039978
      ]
    ],
    [
      [
        [
          25,
          366
        ],
        [
          252,
          373
        ],
        [
          251,
          410
        ],
        [
          24,
          403
        ]
      ],
      [
        "TUR:E-ARSIV FATURA",
        0.9627280831336975
      ]
    ],
    [
      [
        [
          23,
          403
        ],
        [
          326,
          407
        ],
        [
          325,
          443
        ],
        [
          23,
          439
        ]
      ],
      [
        "MUSTERIVN:1111111111",
        0.9103078842163086
      ]
    ],
    [
      [
        [
          24,
          473
        ],
        [
          338,
          478
        ],
        [
          337,
          512
        ],
        [
          24,
          507
        ]
      ],
      [
        "FATURANO:T032026173389614",
        0.9485786557197571
      ]
    ],
    [
      [
        [
          239,
          472
        ],
        [
          248,
          458
        ],
        [
          255,
          462
        ],
        [
          247,
          476
        ]
      ],
      [
        "",
        0.0
      ]
    ],
    [
      [
        [
          24,
          541
        ],
        [
          249,
          544
        ],
        [
          249,
          578
        ],
        [
          24,
          575
        ]
      ],
      [
        "YUMURTA 63-72G15Li",
        0.9553740620613098
      ]
    ],
    [
      [
        [
          286,
          548
        ],
        [
          323,
          548
        ],
        [
          323,
          581
        ],
        [
          286,
          581
        ]
      ],
      [
        "10%",
        0.911791980266571
      ]
    ],
    [
      [
        [
          416,
          545
        ],
        [
          494,
          545
        ],
        [
          494,
          580
        ],
        [
          416,
          580
        ]
      ],
      [
        "*99,00",
        0.9452382922172546
      ]
    ],
    [
      [
        [
          24,
          578
        ],
        [
          250,
          578
        ],
        [
          250,
          611
        ],
        [
          24,
          611
        ]
      ],
      [
        "SANDViCEKMEGi4*100G",
        0.9715526103973389
      ]
    ],
    [
      [
        [
          286,
          577
        ],
        [
          324,
          577
        ],
        [
          324,
          613
        ],
        [
          286,
          613
        ]
      ],
      [
        "%01",
        0.9400742650032043
      ]
    ],
    [
      [
        [
          416,
          580
        ],
        [
          492,
          578
        ],
        [
          494,
          610
        ],
        [
          417,
          612
        ]
      ],
      [
        "*66,00",
        0.9553934931755066
      ]
    ],
    [
      [
        [
          24,
          611
        ],
        [
          250,
          611
        ],
        [
          250,
          644
        ],
        [
          24,
          644
        ]
      ],
      [
        "ALISVERiS POSETI BiM",
        0.8922504186630249
      ]
    ],
    [
      [
        [
          287,
          615
        ],
        [
          327,
          615
        ],
        [
          327,
          645
        ],
        [
          287,
          645
        ]
      ],
      [
        "%20",
        0.9237362742424011
      ]
    ],
    [
      [
        [
          428,
          612
        ],
        [
          494,
          612
        ],
        [
          494,
          644
        ],
        [
          428,
          644
        ]
      ],
      [
        "*1,00",
        0.9140241742134094
      ]
    ],
    [
      [
        [
          34,
          678
        ],
        [
          108,
          676
        ],
        [
          109,
          709
        ],
        [
          35,
          711
        ]
      ],
      [
        "TOPKDV",
        0.9731041789054871
      ]
    ],
    [
      [
        [
          428,
          679
        ],
        [
          494,
          679
        ],
        [
          494,
          711
        ],
        [
          428,
          711
        ]
      ],
      [
        "*1,80",
        0.9392051696777344
      ]
    ],
    [
      [
        [
          35,
          711
        ],
        [
          109,
          711
        ],
        [
          109,
          743
        ],
        [
          35,
          743
        ]
      ],
      [
        "TOPLAM",
        0.9923014044761658
      ]
    ],
    [
      [
        [
          407,
          713
        ],
        [
          492,
          713
        ],
        [
          492,
          744
        ],
        [
          407,
          744
        ]
      ],
      [
        "*166,00",
        0.9700935482978821
      ]
    ],
    [
      [
        [
          45,
          776
        ],
        [
          169,
          774
        ],
        [
          170,
          806
        ],
        [
          45,
          808
        ]
      ],
      [
        "KREDIKARTI",
        0.9438589811325073
      ]
    ],
    [
      [
        [
          406,
          778
        ],
        [
          493,
          778
        ],
        [
          493,
          810
        ],
        [
          406,
          810
        ]
      ],
      [
        "*166,00",
