{
  "status": "success",
  "image_width": 1080,
  "image_height": 1920,
  "detections": [
    [
      [
        [
          57,
          287
        ],
        [
          679,
          239
        ],
        [
          685,
          321
        ],
        [
          64,
          369
        ]
      ],
      [
        "TANKAR OTOMOTIV PETROL GIDA",
        0.9570644497871399
      ]
    ],
    [
      [
        [
          37,
          330
        ],
        [
          684,
          293
        ],
        [
          688,
          369
        ],
        [
          42,
          406
        ]
      ],
      [
        "TEKSTIL HIZMET INSAAT SAN. VE",
        0.9433816075325012
      ]
    ],
    [
      [
        [
          411,
          362
        ],
        [
          689,
          346
        ],
        [
          692,
          408
        ],
        [
          414,
          424
        ]
      ],
      [
        "REFIK SEVKET",
        0.956479549407959
      ]
    ],
    [
      [
        [
          71,
          376
        ],
        [
          393,
          365
        ],
        [
          395,
          421
        ],
        [
          73,
          432
        ]
      ],
      [
        "TiC.LTD. STI.",
        0.8475528359413147
      ]
    ],
    [
      [
        [
          21,
          408
        ],
        [
          721,
          384
        ],
        [
          723,
          454
        ],
        [
          23,
          478
        ]
      ],
      [
        "INCE MAH. 2148/9 SOK.NO:4 35000",
        0.9061782360076904
      ]
    ],
    [
      [
        [
          203,
          455
        ],
        [
          533,
          443
        ],
        [
          535,
          495
        ],
        [
          205,
          507
        ]
      ],
      [
        "BAYRAKLI/ iZMiR",
        0.9045286774635315
      ]
    ],
    [
      [
        [
          208,
          493
        ],
        [
          534,
          482
        ],
        [
          536,
          532
        ],
        [
          210,
          543
        ]
      ],
      [
        "TEL:8502153535",
        0.9322029948234558
      ]
    ],
    [
      [
        [
          121,
          535
        ],
        [
          625,
          518
        ],
        [
          627,
          568
        ],
        [
          122,
          585
        ]
      ],
      [
        "VERGI DAIRESI: GAZIEMIR",
        0.9233934879302979
      ]
    ],
    [
      [
        [
          371,
          563
        ],
        [
          600,
          559
        ],
        [
          601,
          605
        ],
        [
          372,
          609
        ]
      ],
      [
        "8200045128",
        0.998553454875946
      ]
    ],
    [
      [
        [
          133,
          574
        ],
        [
          346,
          563
        ],
        [
          348,
          613
        ],
        [
          136,
          624
        ]
      ],
      [
        "VKN/TCKN:",
        0.9812924861907959
      ]
    ],
    [
      [
        [
          68,
          609
        ],
        [
          706,
          578
        ],
        [
          709,
          639
        ],
        [
          70,
          670
        ]
      ],
      [
        "MERSIS NO:0820004512800011",
        0.9645353555679321
      ]
    ],
    [
      [
        [
          342,
          620
        ],
        [
          349,
          620
        ],
        [
          349,
          630
        ],
        [
          342,
          630
        ]
      ],
      [
        "",
        0.0
      ]
    ],
    [
      [
        [
          303,
          637
        ],
        [
          683,
          626
        ],
        [
          684,
          676
        ],
        [
          305,
          687
        ]
      ],
      [
        "BAY/939-82/35548",
        0.996490478515625
      ]
    ],
    [
      [
        [
          92,
          653
        ],
        [
          283,
          645
        ],
        [
          285,
          695
        ],
        [
          94,
          703
        ]
      ],
      [
        "EPDK NO:",
        0.9548258781433105
      ]
    ],
    [
      [
        [
          120,
          687
        ],
        [
          671,
          663
        ],
        [
          673,
          717
        ],
        [
          123,
          741
        ]
      ],
      [
        "ISTASYON ADA NO:1-2-3-4",
        0.9591667056083679
      ]
    ],
    [
      [
        [
          640,
          754
        ],
        [
          779,
          746
        ],
        [
          782,
          808
        ],
        [
          643,
          816
        ]
      ],
      [
        "17:57",
        0.9813001751899719
      ]
    ],
    [
      [
        [
          30,
          793
        ],
        [
          266,
          781
        ],
        [
          269,
          837
        ],
        [
          33,
          849
        ]
      ],
      [
        "09-03-2026",
        0.9958802461624146
      ]
    ],
    [
      [
        [
          32,
          838
        ],
        [
          290,
          824
        ],
        [
          293,
          876
        ],
        [
          35,
          890
        ]
      ],
      [
        "FiS NO:0148",
        0.9084292054176331
      ]
    ],
    [
      [
        [
          226,
          878
        ],
        [
          517,
          859
        ],
        [
          520,
          912
        ],
        [
          229,
          931
        ]
      ],
      [
        "35KGB3",
        0.989884078502655
      ]
    ],
    [
      [
        [
          515,
          873
        ],
        [
          546,
          873
        ],
        [
          546,
          900
        ],
        [
          515,
          900
        ]
      ],
      [
        "1",
        0.2254747897386551
      ]
    ],
    [
      [
        [
          650,
          903
        ],
        [
          786,
          896
        ],
        [
          789,
          947
        ],
        [
          653,
          954
        ]
      ],
      [
        "66,08",
        0.9723302721977234
      ]
    ],
    [
      [
        [
          39,
          936
        ],
        [
          281,
          932
        ],
        [
          282,
          988
        ],
        [
          40,
          992
        ]
      ],
      [
        "38,40TX",
        0.8955913186073303
      ]
    ],
    [
      [
        [
          469,
          951
        ],
        [
          784,
          934
        ],
        [
          787,
          986
        ],
        [
          471,
          1003
        ]
      ],
      [
        "%20*2.537,47",
        0.9677312970161438
      ]
    ],
    [
      [
        [
          34,
          980
        ],
        [
          329,
          968
        ],
        [
          331,
          1020
        ],
        [
          36,
          1032
        ]
      ],
      [
        "MOTORIN SVPD",
        0.9462056159973145
      ]
    ],
    [
      [
        [
          608,
          994
        ],
        [
          782,
          984
        ],
        [
          785,
          1034
        ],
        [
          610,
          1044
        ]
      ],
      [
        "*422,91",
        0.919184684753418
      ]
    ],
    [
      [
        [
          37,
          1031
        ],
        [
          125,
          1035
        ],
        [
          123,
          1086
        ],
        [
          35,
          1082
        ]
      ],
      [
        "KDV",
        0.9920549988746643
      ]
    ],
    [
      [
        [
          563,
          1035
        ],
        [
          784,
          1020
        ],
        [
          789,
          1079
        ],
        [
          567,
          1094
        ]
