{
  "status": "success",
  "image_width": 564,
  "image_height": 1600,
  "detections": [
    [
      [
        [
          19,
          38
        ],
        [
          494,
          0
        ],
        [
          502,
          72
        ],
        [
          27,
          122
        ]
      ],
      [
        "TANKAR OTOMOTIY PETROL",
        0.8766152858734131
      ]
    ],
    [
      [
        [
          98,
          77
        ],
        [
          503,
          60
        ],
        [
          505,
          112
        ],
        [
          100,
          129
        ]
      ],
      [
        "INSAAT SAN VE TICLTD STI",
        0.8664755821228027
      ]
    ],
    [
      [
        [
          24,
          114
        ],
        [
          96,
          95
        ],
        [
          104,
          128
        ],
        [
          33,
          148
        ]
      ],
      [
        "GIDA",
        0.9415110349655151
      ]
    ],
    [
      [
        [
          83,
          117
        ],
        [
          414,
          109
        ],
        [
          416,
          159
        ],
        [
          84,
          167
        ]
      ],
      [
        "REFIK SEVKET INCE MH",
        0.9406372904777527
      ]
    ],
    [
      [
        [
          129,
          155
        ],
        [
          381,
          157
        ],
        [
          381,
          207
        ],
        [
          128,
          205
        ]
      ],
      [
        "2148/9SK. NO:4",
        0.8923333883285522
      ]
    ],
    [
      [
        [
          130,
          198
        ],
        [
          398,
          194
        ],
        [
          399,
          241
        ],
        [
          131,
          245
        ]
      ],
      [
        "BAYRAKLI IZMiR",
        0.8933077454566956
      ]
    ],
    [
      [
        [
          36,
          242
        ],
        [
          464,
          235
        ],
        [
          464,
          289
        ],
        [
          37,
          296
        ]
      ],
      [
        "GAZIEMIR VERGI DAIRESI MUD.",
        0.9123286604881287
      ]
    ],
    [
      [
        [
          180,
          290
        ],
        [
          347,
          281
        ],
        [
          349,
          325
        ],
        [
          182,
          334
        ]
      ],
      [
        "8200045128",
        0.9978832006454468
      ]
    ],
    [
      [
        [
          302,
          331
        ],
        [
          522,
          336
        ],
        [
          521,
          387
        ],
        [
          301,
          382
        ]
      ],
      [
        "FiSNO:0611",
        0.8997546434402466
      ]
    ],
    [
      [
        [
          11,
          354
        ],
        [
          173,
          342
        ],
        [
          177,
          390
        ],
        [
          15,
          402
        ]
      ],
      [
        "11-03-2026",
        0.9907273054122925
      ]
    ],
    [
      [
        [
          12,
          399
        ],
        [
          177,
          386
        ],
        [
          180,
          434
        ],
        [
          15,
          447
        ]
      ],
      [
        "SAAT 17:49",
        0.9411117434501648
      ]
    ],
    [
      [
        [
          341,
          439
        ],
        [
          524,
          434
        ],
        [
          525,
          479
        ],
        [
          343,
          484
        ]
      ],
      [
        "20*250,00",
        0.9411706924438477
      ]
    ],
    [
      [
        [
          12,
          460
        ],
        [
          268,
          437
        ],
        [
          272,
          484
        ],
        [
          16,
          507
        ]
      ],
      [
        "YIKAMA(OIOMATIK)",
        0.8874742984771729
      ]
    ],
    [
      [
        [
          12,
          505
        ],
        [
          353,
          475
        ],
        [
          357,
          525
        ],
        [
          17,
          555
        ]
      ],
      [
        "## BarkoP0S-2.0.14.70",
        0.8656783103942871
      ]
    ],
    [
      [
        [
          408,
          517
        ],
        [
          534,
          515
        ],
        [
          535,
          564
        ],
        [
          409,
          566
        ]
      ],
      [
        "*250,00",
        0.9646626114845276
      ]
    ],
    [
      [
        [
          15,
          553
        ],
        [
          163,
          540
        ],
        [
          167,
          585
        ],
        [
          19,
          598
        ]
      ],
      [
        "ARATOPLAM",
        0.9961974024772644
      ]
    ],
    [
      [
        [
          390,
          567
        ],
        [
          533,
          567
        ],
        [
          533,
          627
        ],
        [
          390,
          627
        ]
      ],
      [
        "*41.67",
        0.9293160438537598
      ]
    ],
    [
      [
        [
          10,
          608
        ],
        [
          83,
          599
        ],
        [
          89,
          651
        ],
        [
          16,
          660
        ]
      ],
      [
        "KDV",
        0.8790115714073181
      ]
    ],
    [
      [
        [
          365,
          612
        ],
        [
          531,
          609
        ],
        [
          532,
          672
        ],
        [
          366,
          675
        ]
      ],
      [
        "*250,00",
        0.8383978009223938
      ]
    ],
    [
      [
        [
          11,
          644
        ],
        [
          88,
          639
        ],
        [
          92,
          699
        ],
        [
          15,
          704
        ]
      ],
      [
        "TOP",
        0.9714450836181641
      ]
    ],
    [
      [
        [
          405,
          670
        ],
        [
          528,
          667
        ],
        [
          529,
          717
        ],
        [
          406,
          720
        ]
      ],
      [
        "*250,00",
        0.8848697543144226
      ]
    ],
    [
      [
        [
          15,
          699
        ],
        [
          134,
          691
        ],
        [
          137,
          732
        ],
        [
          17,
          740
        ]
      ],
      [
        "EFT-FOS",
        0.9352055788040161
      ]
    ],
    [
      [
        [
          75,
          769
        ],
        [
          101,
          749
        ],
        [
          113,
          765
        ],
        [
          87,
          785
        ]
      ],
      [
        "",
        0.0
      ]
    ],
    [
      [
        [
          116,
          769
        ],
        [
          384,
          754
        ],
        [
          385,
          785
        ],
        [
          118,
          800
        ]
      ],
      [
        "T.VAKIFLRR EANKASIT.R.O.",
        0.8444114327430725
      ]
    ],
    [
      [
        [
          347,
          781
        ],
        [
          481,
          775
        ],
        [
          482,
          806
        ],
        [
          349,
          812
        ]
      ],
      [
        "POS:01413941",
        0.9708229899406433
      ]
    ],
    [
      [
        [
          44,
          798
        ],
        [
          290,
          786
        ],
        [
          291,
          816
        ],
        [
          45,
          828
        ]
      ],
      [
        "ISYER1:122300001130506",
        0.9483330249786377
      ]
    ],
    [
      [
        [
          443,
          803
        ],
        [
          484,
          803
        ],
        [
          484,
          831
        ],
        [
          443,
          831
        ]
      ],
      [
        "L11",
