{
  "status": "success",
  "image_width": 1080,
  "image_height": 1920,
  "detections": [
    [
      [
        [
          65,
          134
        ],
        [
          810,
          186
        ],
        [
          804,
          275
        ],
        [
          59,
          223
        ]
      ],
      [
        "TANKAR OTOMOTIV PETROL",
        0.9285444021224976
      ]
    ],
    [
      [
        [
          72,
          209
        ],
        [
          179,
          217
        ],
        [
          175,
          269
        ],
        [
          68,
          261
        ]
      ],
      [
        "GIDA",
        0.9962280988693237
      ]
    ],
    [
      [
        [
          170,
          211
        ],
        [
          506,
          228
        ],
        [
          503,
          288
        ],
        [
          167,
          271
        ]
      ],
      [
        "INSAAT SAN VE",
        0.9505648016929626
      ]
    ],
    [
      [
        [
          155,
          226
        ],
        [
          194,
          226
        ],
        [
          194,
          258
        ],
        [
          155,
          258
        ]
      ],
      [
        "A",
        0.03814717382192612
      ]
    ],
    [
      [
        [
          493,
          223
        ],
        [
          821,
          257
        ],
        [
          814,
          328
        ],
        [
          486,
          294
        ]
      ],
      [
        "TiC LTD STI",
        0.9290359616279602
      ]
    ],
    [
      [
        [
          479,
          241
        ],
        [
          516,
          241
        ],
        [
          516,
          279
        ],
        [
          479,
          279
        ]
      ],
      [
        "",
        0.0
      ]
    ],
    [
      [
        [
          152,
          256
        ],
        [
          449,
          272
        ],
        [
          445,
          337
        ],
        [
          148,
          321
        ]
      ],
      [
        "REFIK SEVKET",
        0.9752897620201111
      ]
    ],
    [
      [
        [
          432,
          271
        ],
        [
          609,
          289
        ],
        [
          603,
          351
        ],
        [
          426,
          333
        ]
      ],
      [
        "INCEM",
        0.945341944694519
      ]
    ],
    [
      [
        [
          576,
          296
        ],
        [
          649,
          303
        ],
        [
          644,
          351
        ],
        [
          571,
          344
        ]
      ],
      [
        "MH",
        0.9784504771232605
      ]
    ],
    [
      [
        [
          223,
          313
        ],
        [
          593,
          338
        ],
        [
          589,
          398
        ],
        [
          219,
          373
        ]
      ],
      [
        "2148/9 SK.NO:4",
        0.9520606994628906
      ]
    ],
    [
      [
        [
          224,
          363
        ],
        [
          612,
          387
        ],
        [
          608,
          445
        ],
        [
          221,
          421
        ]
      ],
      [
        "BAYRAKLI/ IZMIR",
        0.9052262902259827
      ]
    ],
    [
      [
        [
          86,
          403
        ],
        [
          613,
          433
        ],
        [
          609,
          492
        ],
        [
          83,
          462
        ]
      ],
      [
        "GAZIEMIR VERGI DAIRESI",
        0.9617322683334351
      ]
    ],
    [
      [
        [
          609,
          438
        ],
        [
          738,
          448
        ],
        [
          733,
          505
        ],
        [
          604,
          495
        ]
      ],
      [
        "MUD",
        0.9441720843315125
      ]
    ],
    [
      [
        [
          598,
          455
        ],
        [
          628,
          455
        ],
        [
          628,
          477
        ],
        [
          598,
          477
        ]
      ],
      [
        "",
        0.0
      ]
    ],
    [
      [
        [
          292,
          468
        ],
        [
          528,
          483
        ],
        [
          525,
          530
        ],
        [
          289,
          515
        ]
      ],
      [
        "8200045128",
        0.9989326596260071
      ]
    ],
    [
      [
        [
          45,
          511
        ],
        [
          283,
          526
        ],
        [
          280,
          578
        ],
        [
          41,
          563
        ]
      ],
      [
        "11-03-2026",
        0.9982048869132996
      ]
    ],
    [
      [
        [
          465,
          533
        ],
        [
          648,
          543
        ],
        [
          645,
          599
        ],
        [
          462,
          589
        ]
      ],
      [
        "FiS NO:",
        0.8516660928726196
      ]
    ],
    [
      [
        [
          39,
          556
        ],
        [
          285,
          573
        ],
        [
          281,
          628
        ],
        [
          35,
          611
        ]
      ],
      [
        "SAAT 17:49",
        0.9754864573478699
      ]
    ],
    [
      [
        [
          714,
          560
        ],
        [
          832,
          577
        ],
        [
          825,
          625
        ],
        [
          707,
          608
        ]
      ],
      [
        "0611",
        0.9981198906898499
      ]
    ],
    [
      [
        [
          42,
          630
        ],
        [
          401,
          639
        ],
        [
          400,
          686
        ],
        [
          40,
          677
        ]
      ],
      [
        "YIKAMA(OTOMATIK)",
        0.9152723550796509
      ]
    ],
    [
      [
        [
          512,
          653
        ],
        [
          590,
          659
        ],
        [
          588,
          697
        ],
        [
          509,
          691
        ]
      ],
      [
        "720",
        0.8311277031898499
      ]
    ],
    [
      [
        [
          591,
          656
        ],
        [
          817,
          674
        ],
        [
          814,
          719
        ],
        [
          587,
          701
        ]
      ],
      [
        "*250,00",
        0.920238196849823
      ]
    ],
    [
      [
        [
          40,
          667
        ],
        [
          522,
          683
        ],
        [
          520,
          740
        ],
        [
          38,
          724
        ]
      ],
      [
        "BarkoP0S-2.0.14.70",
        0.9150819778442383
      ]
    ],
    [
      [
        [
          34,
          716
        ],
        [
          248,
          714
        ],
        [
          248,
          770
        ],
        [
          34,
          772
        ]
      ],
      [
        "AMATOPLAM",
        0.9115564823150635
      ]
    ],
    [
      [
        [
          590,
          745
        ],
        [
          811,
          759
        ],
        [
          808,
          804
        ],
        [
          588,
          790
        ]
      ],
      [
        "*250,00",
        0.9111624956130981
      ]
    ],
    [
      [
        [
          26,
          769
        ],
        [
          136,
          769
        ],
        [
          136,
          829
        ],
        [
          26,
          829
        ]
      ],
      [
        "KDY",
        0.7610569000244141
      ]
    ],
    [
      [
        [
          559,
          784
        ],
        [
          666,
          798
        ],
        [
          659,
          849
        ],
        [
          552,
          835
        ]
      ],
      [
        "41",
        0.8000245690345764
      ]
    ],
    [
      [
        [
          696,
          790
