{
  "status": "success",
  "image_width": 715,
  "image_height": 2048,
  "detections": [
    [
      [
        [
          238,
          136
        ],
        [
          545,
          151
        ],
        [
          541,
          223
        ],
        [
          234,
          208
        ]
      ],
      [
        "CAN MARKET",
        0.9487446546554565
      ]
    ],
    [
      [
        [
          206,
          201
        ],
        [
          570,
          219
        ],
        [
          566,
          295
        ],
        [
          202,
          277
        ]
      ],
      [
        "MERT HALIL AKTAS",
        0.979705810546875
      ]
    ],
    [
      [
        [
          106,
          267
        ],
        [
          685,
          283
        ],
        [
          683,
          357
        ],
        [
          104,
          341
        ]
      ],
      [
        "ISMETPASA MH. MERSINAKI CD.",
        0.9545880556106567
      ]
    ],
    [
      [
        [
          166,
          330
        ],
        [
          598,
          340
        ],
        [
          596,
          407
        ],
        [
          164,
          397
        ]
      ],
      [
        "NO:166/35 F0CAIZMIR",
        0.9323492646217346
      ]
    ],
    [
      [
        [
          270,
          394
        ],
        [
          511,
          398
        ],
        [
          510,
          455
        ],
        [
          269,
          451
        ]
      ],
      [
        "28636972980",
        0.999698281288147
      ]
    ],
    [
      [
        [
          201,
          438
        ],
        [
          543,
          444
        ],
        [
          541,
          506
        ],
        [
          200,
          500
        ]
      ],
      [
        "FOCA V.D. TC NO:",
        0.924752414226532
      ]
    ],
    [
      [
        [
          46,
          511
        ],
        [
          172,
          518
        ],
        [
          168,
          581
        ],
        [
          42,
          574
        ]
      ],
      [
        "TARIH",
        0.9735611081123352
      ]
    ],
    [
      [
        [
          270,
          521
        ],
        [
          522,
          523
        ],
        [
          522,
          581
        ],
        [
          269,
          579
        ]
      ],
      [
        ":12/04/2026",
        0.9771513342857361
      ]
    ],
    [
      [
        [
          48,
          572
        ],
        [
          147,
          578
        ],
        [
          143,
          633
        ],
        [
          45,
          627
        ]
      ],
      [
        "SAAT",
        0.992942214012146
      ]
    ],
    [
      [
        [
          277,
          587
        ],
        [
          326,
          587
        ],
        [
          326,
          624
        ],
        [
          277,
          624
        ]
      ],
      [
        "：",
        0.6446411609649658
      ]
    ],
    [
      [
        [
          301,
          580
        ],
        [
          485,
          580
        ],
        [
          485,
          634
        ],
        [
          301,
          634
        ]
      ],
      [
        "14:18:50",
        0.9596127271652222
      ]
    ],
    [
      [
        [
          43,
          623
        ],
        [
          188,
          628
        ],
        [
          185,
          699
        ],
        [
          41,
          694
        ]
      ],
      [
        "FiS NO",
        0.839198648929596
      ]
    ],
    [
      [
        [
          269,
          628
        ],
        [
          405,
          634
        ],
        [
          403,
          693
        ],
        [
          266,
          687
        ]
      ],
      [
        ":0031",
        0.9271087646484375
      ]
    ],
    [
      [
        [
          44,
          711
        ],
        [
          130,
          714
        ],
        [
          127,
          776
        ],
        [
          42,
          773
        ]
      ],
      [
        "GIDA",
        0.9975306391716003
      ]
    ],
    [
      [
        [
          425,
          716
        ],
        [
          496,
          716
        ],
        [
          496,
          778
        ],
        [
          425,
          778
        ]
      ],
      [
        "%01",
        0.9845319390296936
      ]
    ],
    [
      [
        [
          539,
          714
        ],
        [
          685,
          714
        ],
        [
          685,
          781
        ],
        [
          539,
          781
        ]
      ],
      [
        "*480,00",
        0.8971073031425476
      ]
    ],
    [
      [
        [
          46,
          835
        ],
        [
          221,
          835
        ],
        [
          221,
          890
        ],
        [
          46,
          890
        ]
      ],
      [
        "TOPKDV",
        0.996065616607666
      ]
    ],
    [
      [
        [
          520,
          833
        ],
        [
          679,
          833
        ],
        [
          679,
          899
        ],
        [
          520,
          899
        ]
      ],
      [
        "*4,75",
        0.9622167348861694
      ]
    ],
    [
      [
        [
          46,
          897
        ],
        [
          221,
          897
        ],
        [
          221,
          952
        ],
        [
          46,
          952
        ]
      ],
      [
        "TOPLAM",
        0.9935860633850098
      ]
    ],
    [
      [
        [
          466,
          891
        ],
        [
          678,
          891
        ],
        [
          678,
          959
        ],
        [
          466,
          959
        ]
      ],
      [
        "*480,00",
        0.9629407525062561
      ]
    ],
    [
      [
        [
          517,
          1007
        ],
        [
          680,
          1007
        ],
        [
          680,
          1066
        ],
        [
          517,
          1066
        ]
      ],
      [
        "*480,00",
        0.9368109107017517
      ]
    ],
    [
      [
        [
          38,
          1018
        ],
        [
          158,
          1013
        ],
        [
          160,
          1069
        ],
        [
          40,
          1074
        ]
      ],
      [
        "KREDI",
        0.9565025568008423
      ]
    ],
    [
      [
        [
          54,
          1070
        ],
        [
          257,
          1057
        ],
        [
          261,
          1115
        ],
        [
          57,
          1128
        ]
      ],
      [
        "VAKIFBANK",
        0.995854914188385
      ]
    ],
    [
      [
        [
          54,
          1114
        ],
        [
          390,
          1109
        ],
        [
          391,
          1162
        ],
        [
          54,
          1167
        ]
      ],
      [
        "************2911",
        0.923495352268219
      ]
    ],
    [
      [
        [
          28,
          1200
        ],
        [
          265,
          1191
        ],
        [
          267,
          1249
        ],
        [
          30,
          1258
        ]
      ],
      [
        "T.SICIL NO:",
        0.9475317597389221
      ]
    ],
    [
      [
        [
          29,
          1305
        ],
        [
          267,
          1303
        ],
        [
          267,
          1360
        ],
        [
          30,
          1362
        ]
      ],
      [
        "EKü NO:0002",
        0.8872013092041016
      ]
    ],
    [
      [
        [
          494,
          1303
        ],
        [
          706,
          1303
        ],
        [
          706,
          1360
        ],
        [
          494,
          1360
        ]
      ],
      [
        "ZNO:1977",
        0.966073751449585
      ]
    ],
