{
  "status": "success",
  "image_width": 411,
  "image_height": 1456,
  "detections": [
    [
      [
        [
          78,
          6
        ],
        [
          335,
          0
        ],
        [
          339,
          24
        ],
        [
          82,
          50
        ]
      ],
      [
        "BIM BIRLESIK MAGAZALAR A.S.",
        0.8362538814544678
      ]
    ],
    [
      [
        [
          96,
          38
        ],
        [
          397,
          21
        ],
        [
          399,
          58
        ],
        [
          98,
          75
        ]
      ],
      [
        "Mahallesi 8. sokak Kapi No:14/",
        0.8590480089187622
      ]
    ],
    [
      [
        [
          40,
          61
        ],
        [
          98,
          49
        ],
        [
          102,
          71
        ],
        [
          45,
          82
        ]
      ],
      [
        "Er20e",
        0.5905540585517883
      ]
    ],
    [
      [
        [
          142,
          64
        ],
        [
          291,
          59
        ],
        [
          292,
          90
        ],
        [
          143,
          94
        ]
      ],
      [
        "-1 Bornova/iznir",
        0.9321784973144531
      ]
    ],
    [
      [
        [
          109,
          99
        ],
        [
          370,
          88
        ],
        [
          371,
          119
        ],
        [
          111,
          131
        ]
      ],
      [
        "MikelleflerV0M1750051846",
        0.8655359148979187
      ]
    ],
    [
      [
        [
          66,
          113
        ],
        [
          116,
          104
        ],
        [
          121,
          128
        ],
        [
          71,
          138
        ]
      ],
      [
        "Büyik",
        0.8668778538703918
      ]
    ],
    [
      [
        [
          148,
          157
        ],
        [
          282,
          155
        ],
        [
          283,
          182
        ],
        [
          148,
          184
        ]
      ],
      [
        "GIDER PUSULASI",
        0.9230750203132629
      ]
    ],
    [
      [
        [
          306,
          212
        ],
        [
          391,
          215
        ],
        [
          390,
          243
        ],
        [
          305,
          240
        ]
      ],
      [
        "NO:352",
        0.8884851336479187
      ]
    ],
    [
      [
        [
          24,
          226
        ],
        [
          180,
          216
        ],
        [
          182,
          246
        ],
        [
          26,
          256
        ]
      ],
      [
        "15.12.202518:39",
        0.9381086826324463
      ]
    ],
    [
      [
        [
          25,
          251
        ],
        [
          410,
          237
        ],
        [
          411,
          274
        ],
        [
          27,
          287
        ]
      ],
      [
        "ETTN7a96529a-848f-44b3-be26-bd4564ebedd",
        0.8524961471557617
      ]
    ],
    [
      [
        [
          28,
          289
        ],
        [
          283,
          277
        ],
        [
          284,
          303
        ],
        [
          30,
          316
        ]
      ],
      [
        "FATURAN0:AG02025009310029",
        0.9418127536773682
      ]
    ],
    [
      [
        [
          28,
          349
        ],
        [
          108,
          351
        ],
        [
          107,
          379
        ],
        [
          27,
          377
        ]
      ],
      [
        "NUSTERI:",
        0.8836875557899475
      ]
    ],
    [
      [
        [
          33,
          381
        ],
        [
          254,
          375
        ],
        [
          255,
          407
        ],
        [
          34,
          414
        ]
      ],
      [
        "Isim\\invan:BERKKILING",
        0.8967812061309814
      ]
    ],
    [
      [
        [
          35,
          413
        ],
        [
          254,
          408
        ],
        [
          255,
          440
        ],
        [
          36,
          444
        ]
      ],
      [
        "TCKN/VKN:2011******",
        0.8572196960449219
      ]
    ],
    [
      [
        [
          36,
          448
        ],
        [
          171,
          446
        ],
        [
          171,
          474
        ],
        [
          37,
          476
        ]
      ],
      [
        "Vergi Dairesi:",
        0.9717115759849548
      ]
    ],
    [
      [
        [
          35,
          479
        ],
        [
          184,
          477
        ],
        [
          185,
          503
        ],
        [
          36,
          506
        ]
      ],
      [
        "Adres:ERZENE HA.",
        0.94033282995224
      ]
    ],
    [
      [
        [
          36,
          544
        ],
        [
          124,
          542
        ],
        [
          125,
          569
        ],
        [
          37,
          571
        ]
      ],
      [
        "I1:iznir",
        0.7385203242301941
      ]
    ],
    [
      [
        [
          35,
          577
        ],
        [
          163,
          577
        ],
        [
          163,
          603
        ],
        [
          35,
          603
        ]
      ],
      [
        "Ilge:Bornova",
        0.9256196022033691
      ]
    ],
    [
      [
        [
          35,
          607
        ],
        [
          216,
          603
        ],
        [
          217,
          633
        ],
        [
          36,
          636
        ]
      ],
      [
        "Telefon:5058612820",
        0.9837929606437683
      ]
    ],
    [
      [
        [
          41,
          647
        ],
        [
          91,
          642
        ],
        [
          94,
          664
        ],
        [
          43,
          669
        ]
      ],
      [
        "Email:",
        0.9606122970581055
      ]
    ],
    [
      [
        [
          27,
          735
        ],
        [
          315,
          726
        ],
        [
          317,
          758
        ],
        [
          28,
          768
        ]
      ],
      [
        "Iade Nedeni:Bozuk/Hatal1 Urun",
        0.8789787888526917
      ]
    ],
    [
      [
        [
          25,
          770
        ],
        [
          96,
          765
        ],
        [
          98,
          794
        ],
        [
          27,
          799
        ]
      ],
      [
        "1644203",
        0.9989096522331238
      ]
    ],
    [
      [
        [
          216,
          792
        ],
        [
          253,
          792
        ],
        [
          253,
          820
        ],
        [
          216,
          820
        ]
      ],
      [
        "%20",
        0.7553123831748962
      ]
    ],
    [
      [
        [
          319,
          791
        ],
        [
          391,
          794
        ],
        [
          390,
          821
        ],
        [
          318,
          819
        ]
      ],
      [
        "*419.00",
        0.9862996339797974
      ]
    ],
    [
      [
        [
          27,
          802
        ],
        [
          198,
          794
        ],
        [
          199,
          821
        ],
        [
          28,
          828
        ]
      ],
      [
        "YIYEC.ARKADAS.LEGO",
        0.9344735741615295
      ]
    ],
    [
      [
        [
          27,
          865
        ],
        [
          87,
          861
        ],
        [
          88,
          886
        ],
        [
          29,
          890
        ]
      ],
      [
        "TOPKDV",
        0.9729892611503601
      ]
    ],
    [
      [
        [
          320,
          856
        ],
        [
          382,
          856
        ],
        [
          382,
          883
        ],
        [
          320,
