{
  "status": "success",
  "image_width": 389,
  "image_height": 1553,
  "detections": [
    [
      [
        [
          92,
          260
        ],
        [
          289,
          260
        ],
        [
          289,
          287
        ],
        [
          92,
          287
        ]
      ],
      [
        "DUFREE MARKET",
        0.9545698165893555
      ]
    ],
    [
      [
        [
          54,
          290
        ],
        [
          322,
          283
        ],
        [
          323,
          323
        ],
        [
          55,
          329
        ]
      ],
      [
        "GIDA SAN VE iC LTD STI",
        0.8881410956382751
      ]
    ],
    [
      [
        [
          7,
          313
        ],
        [
          369,
          306
        ],
        [
          370,
          355
        ],
        [
          8,
          363
        ]
      ],
      [
        "ERGENE MAH Y..HAKKI CAD NO:127",
        0.8301074504852295
      ]
    ],
    [
      [
        [
          98,
          355
        ],
        [
          275,
          350
        ],
        [
          276,
          383
        ],
        [
          99,
          388
        ]
      ],
      [
        "BORNOVA/ IZHIR",
        0.8942888379096985
      ]
    ],
    [
      [
        [
          56,
          389
        ],
        [
          318,
          381
        ],
        [
          319,
          414
        ],
        [
          57,
          421
        ]
      ],
      [
        "BORNDVA V.D. 3131510078",
        0.9375218152999878
      ]
    ],
    [
      [
        [
          1,
          431
        ],
        [
          70,
          436
        ],
        [
          67,
          468
        ],
        [
          0,
          464
        ]
      ],
      [
        "TARIH",
        0.9798356890678406
      ]
    ],
    [
      [
        [
          126,
          433
        ],
        [
          261,
          428
        ],
        [
          262,
          462
        ],
        [
          127,
          467
        ]
      ],
      [
        ":10/12/2025",
        0.9732680916786194
      ]
    ],
    [
      [
        [
          0,
          466
        ],
        [
          54,
          466
        ],
        [
          54,
          499
        ],
        [
          0,
          499
        ]
      ],
      [
        "SAAT",
        0.987783670425415
      ]
    ],
    [
      [
        [
          123,
          468
        ],
        [
          240,
          465
        ],
        [
          240,
          496
        ],
        [
          124,
          498
        ]
      ],
      [
        ":18:23:12",
        0.879473865032196
      ]
    ],
    [
      [
        [
          0,
          500
        ],
        [
          78,
          500
        ],
        [
          78,
          535
        ],
        [
          0,
          535
        ]
      ],
      [
        "FISNO",
        0.8607934713363647
      ]
    ],
    [
      [
        [
          125,
          500
        ],
        [
          199,
          500
        ],
        [
          199,
          532
        ],
        [
          125,
          532
        ]
      ],
      [
        ":0052",
        0.9599162340164185
      ]
    ],
    [
      [
        [
          0,
          554
        ],
        [
          348,
          545
        ],
        [
          349,
          581
        ],
        [
          1,
          590
        ]
      ],
      [
        "HIGHIANDPARK12Y070CL%20*1.600,00",
        0.9314819574356079
      ]
    ],
    [
      [
        [
          4,
          624
        ],
        [
          103,
          626
        ],
        [
          102,
          657
        ],
        [
          3,
          654
        ]
      ],
      [
        "TOPKDV",
        0.9810530543327332
      ]
    ],
    [
      [
        [
          232,
          620
        ],
        [
          341,
          617
        ],
        [
          342,
          650
        ],
        [
          233,
          654
        ]
      ],
      [
        "*266,67",
        0.9573298692703247
      ]
    ],
    [
      [
        [
          4,
          658
        ],
        [
          99,
          662
        ],
        [
          97,
          691
        ],
        [
          3,
          687
        ]
      ],
      [
        "TOPLAM",
        0.9917521476745605
      ]
    ],
    [
      [
        [
          204,
          657
        ],
        [
          339,
          649
        ],
        [
          341,
          676
        ],
        [
          206,
          684
        ]
      ],
      [
        "*1.600,00",
        0.9361739754676819
      ]
    ],
    [
      [
        [
          240,
          715
        ],
        [
          345,
          709
        ],
        [
          347,
          739
        ],
        [
          241,
          745
        ]
      ],
      [
        "*1.600,00",
        0.9889464974403381
      ]
    ],
    [
      [
        [
          0,
          726
        ],
        [
          61,
          721
        ],
        [
          63,
          750
        ],
        [
          2,
          754
        ]
      ],
      [
        "KREDi",
        0.9613744020462036
      ]
    ],
    [
      [
        [
          11,
          753
        ],
        [
          126,
          747
        ],
        [
          127,
          777
        ],
        [
          12,
          783
        ]
      ],
      [
        "ZIRAATBANK",
        0.9944899678230286
      ]
    ],
    [
      [
        [
          11,
          781
        ],
        [
          185,
          776
        ],
        [
          186,
          803
        ],
        [
          12,
          807
        ]
      ],
      [
        "************2911",
        0.9724235534667969
      ]
    ],
    [
      [
        [
          0,
          830
        ],
        [
          118,
          826
        ],
        [
          119,
          855
        ],
        [
          1,
          860
        ]
      ],
      [
        "MERSIS:0",
        0.9808417558670044
      ]
    ],
    [
      [
        [
          247,
          849
        ],
        [
          356,
          849
        ],
        [
          356,
          876
        ],
        [
          247,
          876
        ]
      ],
      [
        "ZNO:0848",
        0.973408043384552
      ]
    ],
    [
      [
        [
          1,
          860
        ],
        [
          127,
          854
        ],
        [
          128,
          884
        ],
        [
          2,
          890
        ]
      ],
      [
        "EKU NO:0002",
        0.9038686752319336
      ]
    ],
    [
      [
        [
          238,
          928
        ],
        [
          354,
          923
        ],
        [
          355,
          945
        ],
        [
          239,
          951
        ]
      ],
      [
        "POS NO:02415264",
        0.9244682192802429
      ]
    ],
    [
      [
        [
          1,
          938
        ],
        [
          187,
          930
        ],
        [
          188,
          955
        ],
        [
          2,
          964
        ]
      ],
      [
        "ISYERiN0:00000003196452",
        0.7874696850776672
      ]
    ],
    [
      [
        [
          313,
          946
        ],
        [
          356,
          946
        ],
        [
          356,
          969
        ],
        [
          313,
          969
        ]
      ],
      [
        "8.23",
        0.9484241008758545
      ]
    ],
    [
      [
        [
          3,
          961
        ],
        [
          154,
          953
        ],
        [
          155,
          977
        ],
        [
          4,
          985
        ]
      ],
      [
        "iSLEHNO:0029KP0220",
        0.8836991786956787
