{
  "status": "success",
  "image_width": 715,
  "image_height": 2048,
  "detections": [
    [
      [
        [
          242,
          140
        ],
        [
          541,
          155
        ],
        [
          537,
          219
        ],
        [
          238,
          204
        ]
      ],
      [
        "CAN MARKET",
        0.9552040100097656
      ]
    ],
    [
      [
        [
          210,
          205
        ],
        [
          566,
          223
        ],
        [
          562,
          291
        ],
        [
          206,
          273
        ]
      ],
      [
        "MERT HALIL AKTAS",
        0.9390410780906677
      ]
    ],
    [
      [
        [
          110,
          271
        ],
        [
          681,
          287
        ],
        [
          679,
          353
        ],
        [
          108,
          337
        ]
      ],
      [
        "ISMETPASA MH. MERSINAKI CD.",
        0.940432608127594
      ]
    ],
    [
      [
        [
          169,
          334
        ],
        [
          595,
          343
        ],
        [
          593,
          403
        ],
        [
          167,
          394
        ]
      ],
      [
        "NO:166/35 F0CAIZMIR",
        0.942340075969696
      ]
    ],
    [
      [
        [
          273,
          397
        ],
        [
          508,
          401
        ],
        [
          507,
          452
        ],
        [
          272,
          448
        ]
      ],
      [
        "28636972980",
        0.9995469450950623
      ]
    ],
    [
      [
        [
          205,
          441
        ],
        [
          539,
          447
        ],
        [
          537,
          503
        ],
        [
          204,
          497
        ]
      ],
      [
        "FOCA V.D. TC NO:",
        0.919005811214447
      ]
    ],
    [
      [
        [
          49,
          514
        ],
        [
          169,
          521
        ],
        [
          165,
          578
        ],
        [
          45,
          571
        ]
      ],
      [
        "TARIH",
        0.9607852697372437
      ]
    ],
    [
      [
        [
          273,
          524
        ],
        [
          519,
          526
        ],
        [
          519,
          578
        ],
        [
          272,
          576
        ]
      ],
      [
        ":12/04/2026",
        0.9673608541488647
      ]
    ],
    [
      [
        [
          51,
          574
        ],
        [
          145,
          580
        ],
        [
          141,
          631
        ],
        [
          48,
          625
        ]
      ],
      [
        "SAAT",
        0.9912729859352112
      ]
    ],
    [
      [
        [
          279,
          589
        ],
        [
          324,
          589
        ],
        [
          324,
          622
        ],
        [
          279,
          622
        ]
      ],
      [
        "：",
        0.5104039311408997
      ]
    ],
    [
      [
        [
          304,
          583
        ],
        [
          482,
          583
        ],
        [
          482,
          631
        ],
        [
          304,
          631
        ]
      ],
      [
        "14:18:50",
        0.9632958173751831
      ]
    ],
    [
      [
        [
          46,
          626
        ],
        [
          184,
          631
        ],
        [
          182,
          696
        ],
        [
          44,
          691
        ]
      ],
      [
        "FIS NO",
        0.8150947690010071
      ]
    ],
    [
      [
        [
          272,
          631
        ],
        [
          402,
          637
        ],
        [
          400,
          690
        ],
        [
          270,
          684
        ]
      ],
      [
        ":0031",
        0.9289442896842957
      ]
    ],
    [
      [
        [
          47,
          714
        ],
        [
          126,
          717
        ],
        [
          124,
          773
        ],
        [
          45,
          770
        ]
      ],
      [
        "GIDA",
        0.996425986289978
      ]
    ],
    [
      [
        [
          428,
          719
        ],
        [
          493,
          719
        ],
        [
          493,
          775
        ],
        [
          428,
          775
        ]
      ],
      [
        "%01",
        0.9866487979888916
      ]
    ],
    [
      [
        [
          542,
          717
        ],
        [
          681,
          717
        ],
        [
          681,
          778
        ],
        [
          542,
          778
        ]
      ],
      [
        "*480,00",
        0.9180970788002014
      ]
    ],
    [
      [
        [
          48,
          837
        ],
        [
          219,
          837
        ],
        [
          219,
          888
        ],
        [
          48,
          888
        ]
      ],
      [
        "TOPKDV",
        0.9952795505523682
      ]
    ],
    [
      [
        [
          523,
          836
        ],
        [
          676,
          836
        ],
        [
          676,
          896
        ],
        [
          523,
          896
        ]
      ],
      [
        "*4,75",
        0.958906352519989
      ]
    ],
    [
      [
        [
          48,
          899
        ],
        [
          219,
          899
        ],
        [
          219,
          950
        ],
        [
          48,
          950
        ]
      ],
      [
        "TOPLAM",
        0.9956943392753601
      ]
    ],
    [
      [
        [
          469,
          894
        ],
        [
          675,
          894
        ],
        [
          675,
          956
        ],
        [
          469,
          956
        ]
      ],
      [
        "*480,00",
        0.9672494530677795
      ]
    ],
    [
      [
        [
          519,
          1009
        ],
        [
          678,
          1009
        ],
        [
          678,
          1064
        ],
        [
          519,
          1064
        ]
      ],
      [
        "*480,00",
        0.9286865592002869
      ]
    ],
    [
      [
        [
          41,
          1021
        ],
        [
          155,
          1017
        ],
        [
          157,
          1066
        ],
        [
          43,
          1070
        ]
      ],
      [
        "KREDI",
        0.9820584058761597
      ]
    ],
    [
      [
        [
          56,
          1072
        ],
        [
          255,
          1059
        ],
        [
          259,
          1113
        ],
        [
          59,
          1126
        ]
      ],
      [
        "VAKIFBANK",
        0.9976575374603271
      ]
    ],
    [
      [
        [
          57,
          1117
        ],
        [
          387,
          1112
        ],
        [
          388,
          1159
        ],
        [
          57,
          1164
        ]
      ],
      [
        "************2911",
        0.920578122138977
      ]
    ],
    [
      [
        [
          30,
          1203
        ],
        [
          263,
          1193
        ],
        [
          265,
          1247
        ],
        [
          32,
          1257
        ]
      ],
      [
        "T.SICIL NO:",
        0.9720566272735596
      ]
    ],
    [
      [
        [
          32,
          1308
        ],
        [
          264,
          1306
        ],
        [
          264,
          1357
        ],
        [
          33,
          1359
        ]
      ],
      [
        "EKü NO:0002",
        0.9116308689117432
      ]
    ],
    [
      [
        [
          497,
          1306
        ],
        [
          703,
          1306
        ],
        [
          703,
          1357
        ],
        [
          497,
          1357
        ]
      ],
      [
        "ZNO:1977",
        0.9716045260429382
      ]
