{
  "status": "success",
  "image_width": 520,
  "image_height": 1484,
  "detections": [
    [
      [
        [
          164,
          271
        ],
        [
          340,
          264
        ],
        [
          342,
          297
        ],
        [
          165,
          304
        ]
      ],
      [
        "E-Arsiv Fatura",
        0.9377250075340271
      ]
    ],
    [
      [
        [
          78,
          301
        ],
        [
          408,
          299
        ],
        [
          408,
          337
        ],
        [
          78,
          339
        ]
      ],
      [
        "BIM BIRLESIK MAGAZALARR.S.",
        0.9396569728851318
      ]
    ],
    [
      [
        [
          4,
          323
        ],
        [
          491,
          330
        ],
        [
          490,
          384
        ],
        [
          3,
          378
        ]
      ],
      [
        "Erzene Mahallesi 8. sokak Kap1 No:14/A",
        0.8776606321334839
      ]
    ],
    [
      [
        [
          155,
          380
        ],
        [
          349,
          375
        ],
        [
          350,
          409
        ],
        [
          156,
          415
        ]
      ],
      [
        "-1 Bornova/izmir",
        0.9638425707817078
      ]
    ],
    [
      [
        [
          52,
          418
        ],
        [
          449,
          413
        ],
        [
          449,
          447
        ],
        [
          52,
          452
        ]
      ],
      [
        "BuyukMükel1eflerVOM1750051846",
        0.8985967040061951
      ]
    ],
    [
      [
        [
          0,
          453
        ],
        [
          327,
          455
        ],
        [
          327,
          489
        ],
        [
          0,
          487
        ]
      ],
      [
        "FATURA NO:T122025084870300",
        0.9462870955467224
      ]
    ],
    [
      [
        [
          1,
          496
        ],
        [
          205,
          496
        ],
        [
          205,
          526
        ],
        [
          1,
          526
        ]
      ],
      [
        "15.12.202518:41",
        0.9878827333450317
      ]
    ],
    [
      [
        [
          333,
          494
        ],
        [
          496,
          491
        ],
        [
          497,
          521
        ],
        [
          334,
          524
        ]
      ],
      [
        "Sira No:353",
        0.964524507522583
      ]
    ],
    [
      [
        [
          0,
          534
        ],
        [
          497,
          529
        ],
        [
          498,
          562
        ],
        [
          0,
          568
        ]
      ],
      [
        "ETTN70d23a69-2786-413e-bcab-c7c774cef4ca",
        0.9700306057929993
      ]
    ],
    [
      [
        [
          81,
          618
        ],
        [
          430,
          611
        ],
        [
          431,
          644
        ],
        [
          82,
          651
        ]
      ],
      [
        "78960011512508210353",
        0.9975169897079468
      ]
    ],
    [
      [
        [
          0,
          650
        ],
        [
          434,
          640
        ],
        [
          435,
          676
        ],
        [
          0,
          686
        ]
      ],
      [
        "TCKN/VKN:11111111111-NIHAITUKETICI",
        0.940652072429657
      ]
    ],
    [
      [
        [
          0,
          690
        ],
        [
          303,
          682
        ],
        [
          304,
          719
        ],
        [
          0,
          726
        ]
      ],
      [
        "LEGO KAMP VE OKCULUK%20",
        0.9054311513900757
      ]
    ],
    [
      [
        [
          391,
          681
        ],
        [
          485,
          677
        ],
        [
          486,
          709
        ],
        [
          392,
          713
        ]
      ],
      [
        "*539.00",
        0.9943037033081055
      ]
    ],
    [
      [
        [
          394,
          718
        ],
        [
          486,
          718
        ],
        [
          486,
          749
        ],
        [
          394,
          749
        ]
      ],
      [
        "*89.83",
        0.9917345643043518
      ]
    ],
    [
      [
        [
          0,
          730
        ],
        [
          129,
          726
        ],
        [
          130,
          759
        ],
        [
          1,
          764
        ]
      ],
      [
        "TOPLAMKOV",
        0.970184862613678
      ]
    ],
    [
      [
        [
          391,
          758
        ],
        [
          485,
          756
        ],
        [
          486,
          787
        ],
        [
          392,
          790
        ]
      ],
      [
        "*539.00",
        0.991671621799469
      ]
    ],
    [
      [
        [
          0,
          770
        ],
        [
          298,
          763
        ],
        [
          299,
          792
        ],
        [
          0,
          800
        ]
      ],
      [
        "Odenecek KOV Dahil Tutar",
        0.8976467251777649
      ]
    ],
    [
      [
        [
          393,
          797
        ],
        [
          484,
          797
        ],
        [
          484,
          826
        ],
        [
          393,
          826
        ]
      ],
      [
        "*419.00",
        0.9893679022789001
      ]
    ],
    [
      [
        [
          0,
          809
        ],
        [
          70,
          809
        ],
        [
          70,
          838
        ],
        [
          0,
          838
        ]
      ],
      [
        "Nakit",
        0.9987314939498901
      ]
    ],
    [
      [
        [
          0,
          843
        ],
        [
          263,
          840
        ],
        [
          263,
          876
        ],
        [
          0,
          879
        ]
      ],
      [
        "Banka KrediKarti (1)",
        0.9451500773429871
      ]
    ],
    [
      [
        [
          392,
          835
        ],
        [
          485,
          835
        ],
        [
          485,
          866
        ],
        [
          392,
          866
        ]
      ],
      [
        "*120.00",
        0.9925990700721741
      ]
    ],
    [
      [
        [
          1,
          885
        ],
        [
          188,
          885
        ],
        [
          188,
          915
        ],
        [
          1,
          915
        ]
      ],
      [
        "GARANTI BANKASI",
        0.9614452123641968
      ]
    ],
    [
      [
        [
          0,
          922
        ],
        [
          474,
          909
        ],
        [
          475,
          948
        ],
        [
          0,
          961
        ]
      ],
      [
        "1:3562376T:03693448440293*****2911",
        0.9473026394844055
      ]
    ],
    [
      [
        [
          0,
          963
        ],
        [
          386,
          956
        ],
        [
          387,
          990
        ],
        [
          0,
          997
        ]
      ],
      [
        "15.12.202518:41B:1581 S:3499",
        0.9695448279380798
      ]
    ],
    [
      [
        [
          0,
          1003
        ],
        [
          179,
          1002
        ],
        [
          179,
          1036
        ],
        [
          0,
          1037
        ]
      ],
      [
        "Onay No:185609",
        0.970434844493866
      ]
    ],
    [
      [
        [
          218,
          1002
        ],
        [
          461,
          994
        ],
        [
          463,
          1027
        ],
        [
          219,
          1036
        ]
      ],
      [
        "Ref.No:534977583745",
        0.9654638171195984
      ]
    ],
    [
      [
        [
          0,
          1045
        ],
        [
          44,
