{
  "status": "success",
  "image_width": 580,
  "image_height": 1498,
  "detections": [
    [
      [
        [
          46,
          0
        ],
        [
          529,
          0
        ],
        [
          528,
          41
        ],
        [
          45,
          38
        ]
      ],
      [
        "TANKAR UTUMUTIV PETROL GIDA",
        0.940484344959259
      ]
    ],
    [
      [
        [
          11,
          21
        ],
        [
          546,
          21
        ],
        [
          546,
          82
        ],
        [
          11,
          82
        ]
      ],
      [
        "TLKSTIL HIZMET INSAAT SAN.VE",
        0.904396116733551
      ]
    ],
    [
      [
        [
          25,
          62
        ],
        [
          559,
          53
        ],
        [
          560,
          122
        ],
        [
          26,
          131
        ]
      ],
      [
        "TIC LTD. STI.REFIK SEVKET",
        0.857664942741394
      ]
    ],
    [
      [
        [
          0,
          113
        ],
        [
          572,
          105
        ],
        [
          573,
          159
        ],
        [
          0,
          167
        ]
      ],
      [
        "INCE MAH. 2148/9SOK.NO:435000",
        0.9397478699684143
      ]
    ],
    [
      [
        [
          136,
          151
        ],
        [
          424,
          151
        ],
        [
          424,
          203
        ],
        [
          136,
          203
        ]
      ],
      [
        "BAYRAKLI/ iZMIR",
        0.9021787643432617
      ]
    ],
    [
      [
        [
          139,
          191
        ],
        [
          425,
          193
        ],
        [
          425,
          248
        ],
        [
          139,
          246
        ]
      ],
      [
        "TEL:8502153535",
        0.9629912972450256
      ]
    ],
    [
      [
        [
          70,
          232
        ],
        [
          507,
          235
        ],
        [
          506,
          300
        ],
        [
          69,
          297
        ]
      ],
      [
        "VERGI DAIRESI: GAZIEMiR",
        0.927702009677887
      ]
    ],
    [
      [
        [
          76,
          277
        ],
        [
          486,
          273
        ],
        [
          487,
          340
        ],
        [
          77,
          345
        ]
      ],
      [
        "VKN/TCKN: 8200045128",
        0.9082459211349487
      ]
    ],
    [
      [
        [
          29,
          321
        ],
        [
          568,
          313
        ],
        [
          569,
          384
        ],
        [
          30,
          392
        ]
      ],
      [
        "MERSiS NO: 0820004512800011",
        0.906039834022522
      ]
    ],
    [
      [
        [
          38,
          372
        ],
        [
          542,
          357
        ],
        [
          544,
          427
        ],
        [
          40,
          442
        ]
      ],
      [
        "EPDKNO:BAY/939-82/35548",
        0.9411057829856873
      ]
    ],
    [
      [
        [
          62,
          421
        ],
        [
          533,
          404
        ],
        [
          536,
          470
        ],
        [
          64,
          488
        ]
      ],
      [
        "ISTASYON ADA NO:1-2-3-4",
        0.9009405970573425
      ]
    ],
    [
      [
        [
          5,
          531
        ],
        [
          193,
          531
        ],
        [
          193,
          587
        ],
        [
          5,
          587
        ]
      ],
      [
        "09-03-2026",
        0.9921805262565613
      ]
    ],
    [
      [
        [
          5,
          576
        ],
        [
          210,
          571
        ],
        [
          211,
          624
        ],
        [
          6,
          629
        ]
      ],
      [
        "FiS NO:0148",
        0.8466265201568604
      ]
    ],
    [
      [
        [
          149,
          617
        ],
        [
          407,
          610
        ],
        [
          408,
          665
        ],
        [
          150,
          672
        ]
      ],
      [
        "35KGB34",
        0.9914702773094177
      ]
    ],
    [
      [
        [
          473,
          657
        ],
        [
          580,
          647
        ],
        [
          580,
          703
        ],
        [
          478,
          713
        ]
      ],
      [
        "66,08",
        0.9754568934440613
      ]
    ],
    [
      [
        [
          11,
          671
        ],
        [
          193,
          669
        ],
        [
          194,
          720
        ],
        [
          12,
          722
        ]
      ],
      [
        "38,40LTX",
        0.8527904748916626
      ]
    ],
    [
      [
        [
          331,
          700
        ],
        [
          580,
          693
        ],
        [
          580,
          746
        ],
        [
          332,
          752
        ]
      ],
      [
        "%20*2.537,47",
        0.9657280445098877
      ]
    ],
    [
      [
        [
          11,
          712
        ],
        [
          226,
          700
        ],
        [
          228,
          747
        ],
        [
          14,
          759
        ]
      ],
      [
        "MOTORINSVPD",
        0.9833993315696716
      ]
    ],
    [
      [
        [
          441,
          746
        ],
        [
          580,
          749
        ],
        [
          580,
          794
        ],
        [
          440,
          790
        ]
      ],
      [
        "*422,91",
        0.9200584292411804
      ]
    ],
    [
      [
        [
          13,
          756
        ],
        [
          81,
          760
        ],
        [
          79,
          803
        ],
        [
          10,
          800
        ]
      ],
      [
        "KDV",
        0.9768977165222168
      ]
    ],
    [
      [
        [
          14,
          787
        ],
        [
          135,
          795
        ],
        [
          132,
          840
        ],
        [
          11,
          832
        ]
      ],
      [
        "TOPLAM",
        0.9957854747772217
      ]
    ],
    [
      [
        [
          403,
          781
        ],
        [
          580,
          778
        ],
        [
          580,
          823
        ],
        [
          404,
          827
        ]
      ],
      [
        "*2.537,47",
        0.9754584431648254
      ]
    ],
    [
      [
        [
          8,
          832
        ],
        [
          165,
          836
        ],
        [
          163,
          896
        ],
        [
          7,
          892
        ]
      ],
      [
        "K.KARTI:",
        0.978203296661377
      ]
    ],
    [
      [
        [
          400,
          826
        ],
        [
          580,
          820
        ],
        [
          580,
          873
        ],
        [
          402,
          879
        ]
      ],
      [
        "*2.537,47",
        0.9521094560623169
      ]
    ],
    [
      [
        [
          1,
          953
        ],
        [
          56,
          904
        ],
        [
          77,
          927
        ],
        [
          21,
          976
        ]
      ],
      [
        "",
        0.0
      ]
    ],
    [
      [
        [
          142,
          1158
        ],
        [
          224,
          1158
        ],
        [
          224,
          1230
        ],
        [
          142,
          1230
        ]
      ],
      [
        "口",
        0.5251649022102356
      ]
    ],
    [
      [
        [
          130,
          1255
        ],
        [
          427,
          1246
        ],
        [
          429,
          1317
        ],
        [
          132,
          1325
        ]
      ],
      [
