{
  "status": "success",
  "image_width": 481,
  "image_height": 1411,
  "detections": [
    [
      [
        [
          78,
          0
        ],
        [
          360,
          0
        ],
        [
          359,
          41
        ],
        [
          77,
          34
        ]
      ],
      [
        "SIM BIRLESIK MAGAZALARA.S.",
        0.9197367429733276
      ]
    ],
    [
      [
        [
          80,
          16
        ],
        [
          362,
          36
        ],
        [
          359,
          71
        ],
        [
          77,
          50
        ]
      ],
      [
        "Erzene Mah.8.Sok. No:48/A",
        0.9277554154396057
      ]
    ],
    [
      [
        [
          142,
          52
        ],
        [
          290,
          65
        ],
        [
          287,
          99
        ],
        [
          139,
          86
        ]
      ],
      [
        "Bornova/izmir",
        0.986717939376831
      ]
    ],
    [
      [
        [
          49,
          78
        ],
        [
          393,
          99
        ],
        [
          390,
          138
        ],
        [
          46,
          118
        ]
      ],
      [
        "BiVUK MUKELLEFLER VDM1750051846",
        0.9093703031539917
      ]
    ],
    [
      [
        [
          22,
          144
        ],
        [
          226,
          153
        ],
        [
          224,
          189
        ],
        [
          21,
          180
        ]
      ],
      [
        "TARiH :13.12.2025",
        0.9477009773254395
      ]
    ],
    [
      [
        [
          20,
          176
        ],
        [
          178,
          182
        ],
        [
          176,
          219
        ],
        [
          19,
          213
        ]
      ],
      [
        "SAAT19:25",
        0.9610779881477356
      ]
    ],
    [
      [
        [
          20,
          208
        ],
        [
          167,
          215
        ],
        [
          165,
          252
        ],
        [
          18,
          245
        ]
      ],
      [
        "FiSNO :0186",
        0.9219820499420166
      ]
    ],
    [
      [
        [
          136,
          279
        ],
        [
          247,
          283
        ],
        [
          246,
          320
        ],
        [
          135,
          316
        ]
      ],
      [
        "BILGI FISI",
        0.9176673889160156
      ]
    ],
    [
      [
        [
          21,
          345
        ],
        [
          228,
          345
        ],
        [
          228,
          382
        ],
        [
          21,
          382
        ]
      ],
      [
        "TUR : E-ARSIV FATURA",
        0.9216881990432739
      ]
    ],
    [
      [
        [
          19,
          378
        ],
        [
          299,
          377
        ],
        [
          299,
          411
        ],
        [
          19,
          412
        ]
      ],
      [
        "MUSTERIWN:1111111111",
        0.9279888868331909
      ]
    ],
    [
      [
        [
          23,
          440
        ],
        [
          309,
          439
        ],
        [
          309,
          473
        ],
        [
          23,
          474
        ]
      ],
      [
        "FATURANO:T122025075108849",
        0.9608381390571594
      ]
    ],
    [
      [
        [
          25,
          500
        ],
        [
          227,
          500
        ],
        [
          227,
          530
        ],
        [
          25,
          530
        ]
      ],
      [
        "TURK KAHVESi100GAE",
        0.9367558360099792
      ]
    ],
    [
      [
        [
          257,
          496
        ],
        [
          298,
          496
        ],
        [
          298,
          534
        ],
        [
          257,
          534
        ]
      ],
      [
        "%01",
        0.9444612860679626
      ]
    ],
    [
      [
        [
          383,
          500
        ],
        [
          457,
          500
        ],
        [
          457,
          533
        ],
        [
          383,
          533
        ]
      ],
      [
        "*49,50",
        0.9604178071022034
      ]
    ],
    [
      [
        [
          23,
          529
        ],
        [
          134,
          532
        ],
        [
          133,
          564
        ],
        [
          22,
          560
        ]
      ],
      [
        "EKMEKODUN",
        0.9940617680549622
      ]
    ],
    [
      [
        [
          257,
          523
        ],
        [
          301,
          523
        ],
        [
          301,
          567
        ],
        [
          257,
          567
        ]
      ],
      [
        "%01",
        0.8388516306877136
      ]
    ],
    [
      [
        [
          384,
          533
        ],
        [
          458,
          533
        ],
        [
          458,
          565
        ],
        [
          384,
          565
        ]
      ],
      [
        "*60,00",
        0.903172492980957
      ]
    ],
    [
      [
        [
          24,
          559
        ],
        [
          217,
          562
        ],
        [
          216,
          592
        ],
        [
          24,
          589
        ]
      ],
      [
        "TUVALET KAGIDI 12Li",
        0.9321290850639343
      ]
    ],
    [
      [
        [
          259,
          557
        ],
        [
          301,
          557
        ],
        [
          301,
          595
        ],
        [
          259,
          595
        ]
      ],
      [
        "%20",
        0.9046128392219543
      ]
    ],
    [
      [
        [
          374,
          563
        ],
        [
          458,
          563
        ],
        [
          458,
          595
        ],
        [
          374,
          595
        ]
      ],
      [
        "*100,00",
        0.9355316162109375
      ]
    ],
    [
      [
        [
          176,
          589
        ],
        [
          185,
          598
        ],
        [
          178,
          605
        ],
        [
          169,
          596
        ]
      ],
      [
        "2",
        0.14370444416999817
      ]
    ],
    [
      [
        [
          33,
          620
        ],
        [
          101,
          620
        ],
        [
          101,
          653
        ],
        [
          33,
          653
        ]
      ],
      [
        "TOPKDV",
        0.9935505390167236
      ]
    ],
    [
      [
        [
          384,
          623
        ],
        [
          458,
          623
        ],
        [
          458,
          656
        ],
        [
          384,
          656
        ]
      ],
      [
        "*17,75",
        0.9338853359222412
      ]
    ],
    [
      [
        [
          34,
          651
        ],
        [
          102,
          651
        ],
        [
          102,
          683
        ],
        [
          34,
          683
        ]
      ],
      [
        "TOPLAM",
        0.9946714043617249
      ]
    ],
    [
      [
        [
          374,
          648
        ],
        [
          457,
          653
        ],
        [
          454,
          689
        ],
        [
          372,
          684
        ]
      ],
      [
        "*209.50",
        0.8858597874641418
      ]
    ],
    [
      [
        [
          38,
          709
        ],
        [
          156,
          702
        ],
        [
          158,
          733
        ],
        [
          39,
          740
        ]
      ],
      [
        "KREDi KARTI",
        0.9196293354034424
      ]
    ],
    [
      [
        [
          373,
          707
        ],
        [
          457,
          711
        ],
        [
          456,
          746
        ],
        [
          371,
          742
        ]
      ],
      [
        "*209,50",
