{
  "status": "success",
  "image_width": 1080,
  "image_height": 1920,
  "detections": [
    [
      [
        [
          62,
          130
        ],
        [
          813,
          182
        ],
        [
          807,
          279
        ],
        [
          55,
          227
        ]
      ],
      [
        "TANKAR OTOMOTIV PETROL",
        0.9045248031616211
      ]
    ],
    [
      [
        [
          70,
          207
        ],
        [
          181,
          215
        ],
        [
          177,
          271
        ],
        [
          66,
          263
        ]
      ],
      [
        "GIDA",
        0.9959123134613037
      ]
    ],
    [
      [
        [
          168,
          209
        ],
        [
          508,
          226
        ],
        [
          505,
          290
        ],
        [
          165,
          273
        ]
      ],
      [
        "INSAAT SAN VE",
        0.9689764380455017
      ]
    ],
    [
      [
        [
          154,
          225
        ],
        [
          195,
          225
        ],
        [
          195,
          259
        ],
        [
          154,
          259
        ]
      ],
      [
        "",
        0.0
      ]
    ],
    [
      [
        [
          492,
          221
        ],
        [
          823,
          256
        ],
        [
          815,
          331
        ],
        [
          484,
          296
        ]
      ],
      [
        "TiC LTD STI",
        0.8869300484657288
      ]
    ],
    [
      [
        [
          478,
          240
        ],
        [
          517,
          240
        ],
        [
          517,
          280
        ],
        [
          478,
          280
        ]
      ],
      [
        "",
        0.0
      ]
    ],
    [
      [
        [
          150,
          254
        ],
        [
          451,
          270
        ],
        [
          447,
          339
        ],
        [
          146,
          323
        ]
      ],
      [
        "REFIK SEVKET",
        0.9561564922332764
      ]
    ],
    [
      [
        [
          430,
          269
        ],
        [
          611,
          287
        ],
        [
          604,
          353
        ],
        [
          423,
          335
        ]
      ],
      [
        "INCEM",
        0.9685803651809692
      ]
    ],
    [
      [
        [
          575,
          293
        ],
        [
          651,
          301
        ],
        [
          646,
          354
        ],
        [
          569,
          345
        ]
      ],
      [
        "MH",
        0.9863064289093018
      ]
    ],
    [
      [
        [
          221,
          311
        ],
        [
          595,
          336
        ],
        [
          591,
          400
        ],
        [
          216,
          374
        ]
      ],
      [
        "2148/9 SK. NO:4",
        0.920244574546814
      ]
    ],
    [
      [
        [
          223,
          361
        ],
        [
          614,
          385
        ],
        [
          610,
          447
        ],
        [
          219,
          423
        ]
      ],
      [
        "BAYRAKLI/ IZMiR",
        0.9194055199623108
      ]
    ],
    [
      [
        [
          85,
          401
        ],
        [
          615,
          431
        ],
        [
          611,
          494
        ],
        [
          81,
          464
        ]
      ],
      [
        "GAZIEMIR VERGI DAIRESI",
        0.937181293964386
      ]
    ],
    [
      [
        [
          607,
          435
        ],
        [
          739,
          446
        ],
        [
          734,
          507
        ],
        [
          602,
          496
        ]
      ],
      [
        "MUD",
        0.976297914981842
      ]
    ],
    [
      [
        [
          597,
          454
        ],
        [
          629,
          454
        ],
        [
          629,
          478
        ],
        [
          597,
          478
        ]
      ],
      [
        "",
        0.0
      ]
    ],
    [
      [
        [
          291,
          467
        ],
        [
          529,
          482
        ],
        [
          526,
          531
        ],
        [
          288,
          516
        ]
      ],
      [
        "8200045128",
        0.9988352656364441
      ]
    ],
    [
      [
        [
          43,
          509
        ],
        [
          285,
          524
        ],
        [
          282,
          580
        ],
        [
          39,
          565
        ]
      ],
      [
        "11-03-2026",
        0.9976971745491028
      ]
    ],
    [
      [
        [
          464,
          531
        ],
        [
          650,
          541
        ],
        [
          647,
          601
        ],
        [
          460,
          591
        ]
      ],
      [
        "FIS NO:",
        0.8783506751060486
      ]
    ],
    [
      [
        [
          38,
          554
        ],
        [
          286,
          571
        ],
        [
          282,
          630
        ],
        [
          33,
          613
        ]
      ],
      [
        "SAAT 17:49",
        0.9671295285224915
      ]
    ],
    [
      [
        [
          712,
          558
        ],
        [
          834,
          575
        ],
        [
          827,
          627
        ],
        [
          705,
          610
        ]
      ],
      [
        "0611",
        0.9976633191108704
      ]
    ],
    [
      [
        [
          40,
          628
        ],
        [
          403,
          637
        ],
        [
          402,
          688
        ],
        [
          38,
          679
        ]
      ],
      [
        "YIKAMA(OTOMATIK)",
        0.93625807762146
      ]
    ],
    [
      [
        [
          511,
          652
        ],
        [
          592,
          658
        ],
        [
          589,
          698
        ],
        [
          508,
          692
        ]
      ],
      [
        "720",
        0.8138973116874695
      ]
    ],
    [
      [
        [
          590,
          655
        ],
        [
          818,
          673
        ],
        [
          815,
          720
        ],
        [
          586,
          702
        ]
      ],
      [
        "*250,00",
        0.9040612578392029
      ]
    ],
    [
      [
        [
          38,
          665
        ],
        [
          524,
          681
        ],
        [
          522,
          742
        ],
        [
          36,
          726
        ]
      ],
      [
        "BarkoP0s-2.0.14.70",
        0.9019238948822021
      ]
    ],
    [
      [
        [
          32,
          714
        ],
        [
          250,
          712
        ],
        [
          250,
          772
        ],
        [
          32,
          774
        ]
      ],
      [
        "AFATOPLAM",
        0.8968104124069214
      ]
    ],
    [
      [
        [
          589,
          743
        ],
        [
          813,
          757
        ],
        [
          810,
          806
        ],
        [
          586,
          792
        ]
      ],
      [
        "*250,00",
        0.9231851696968079
      ]
    ],
    [
      [
        [
          24,
          767
        ],
        [
          138,
          767
        ],
        [
          138,
          831
        ],
        [
          24,
          831
        ]
      ],
      [
        "KDY",
        0.8704688549041748
      ]
    ],
    [
      [
        [
          558,
          783
        ],
        [
          667,
          797
        ],
        [
          660,
          850
        ],
        [
          551,
          836
        ]
      ],
      [
        "41",
        0.9724240303039551
      ]
    ],
    [
      [
        [
          693,
          787
        ],
        [
