{
  "status": "success",
  "image_width": 645,
  "image_height": 2048,
  "detections": [
    [
      [
        [
          97,
          8
        ],
        [
          596,
          0
        ],
        [
          597,
          44
        ],
        [
          98,
          54
        ]
      ],
      [
        "HAKAN GURME SARKUTERI",
        0.9654635190963745
      ]
    ],
    [
      [
        [
          224,
          55
        ],
        [
          445,
          50
        ],
        [
          446,
          90
        ],
        [
          225,
          95
        ]
      ],
      [
        "HAKAN KARACA",
        0.9685457348823547
      ]
    ],
    [
      [
        [
          101,
          99
        ],
        [
          583,
          90
        ],
        [
          584,
          136
        ],
        [
          102,
          145
        ]
      ],
      [
        "FEVZIPASA MH.210 SK.NO:28/C",
        0.9349808692932129
      ]
    ],
    [
      [
        [
          238,
          141
        ],
        [
          429,
          138
        ],
        [
          430,
          189
        ],
        [
          239,
          192
        ]
      ],
      [
        "FOCA IZMIR",
        0.9149900674819946
      ]
    ],
    [
      [
        [
          69,
          196
        ],
        [
          601,
          185
        ],
        [
          602,
          228
        ],
        [
          70,
          239
        ]
      ],
      [
        "TEL:0232 812 3 812-05376307080",
        0.9941762685775757
      ]
    ],
    [
      [
        [
          153,
          241
        ],
        [
          513,
          232
        ],
        [
          514,
          284
        ],
        [
          154,
          293
        ]
      ],
      [
        "FOCA VD. 37960480894",
        0.9367987513542175
      ]
    ],
    [
      [
        [
          49,
          314
        ],
        [
          149,
          314
        ],
        [
          149,
          365
        ],
        [
          49,
          365
        ]
      ],
      [
        "TARIH",
        0.9156421422958374
      ]
    ],
    [
      [
        [
          241,
          314
        ],
        [
          457,
          312
        ],
        [
          458,
          359
        ],
        [
          241,
          361
        ]
      ],
      [
        ":12/04/2026",
        0.9702340960502625
      ]
    ],
    [
      [
        [
          49,
          370
        ],
        [
          129,
          368
        ],
        [
          130,
          414
        ],
        [
          51,
          416
        ]
      ],
      [
        "SAAT",
        0.9940235018730164
      ]
    ],
    [
      [
        [
          243,
          364
        ],
        [
          426,
          362
        ],
        [
          426,
          410
        ],
        [
          243,
          412
        ]
      ],
      [
        ":17:02:22",
        0.9409974217414856
      ]
    ],
    [
      [
        [
          49,
          418
        ],
        [
          167,
          418
        ],
        [
          167,
          472
        ],
        [
          49,
          472
        ]
      ],
      [
        "FIS NO",
        0.8530993461608887
      ]
    ],
    [
      [
        [
          245,
          418
        ],
        [
          356,
          418
        ],
        [
          356,
          464
        ],
        [
          245,
          464
        ]
      ],
      [
        ":0029",
        0.9332369565963745
      ]
    ],
    [
      [
        [
          52,
          492
        ],
        [
          203,
          492
        ],
        [
          203,
          526
        ],
        [
          52,
          526
        ]
      ],
      [
        "TEMEL GIDA",
        0.9470533132553101
      ]
    ],
    [
      [
        [
          380,
          492
        ],
        [
          591,
          496
        ],
        [
          590,
          536
        ],
        [
          379,
          532
        ]
      ],
      [
        "%01*1.580,00",
        0.9252521991729736
      ]
    ],
    [
      [
        [
          50,
          581
        ],
        [
          198,
          581
        ],
        [
          198,
          626
        ],
        [
          50,
          626
        ]
      ],
      [
        "TOPKDV",
        0.9971175789833069
      ]
    ],
    [
      [
        [
          443,
          578
        ],
        [
          596,
          581
        ],
        [
          595,
          629
        ],
        [
          442,
          626
        ]
      ],
      [
        "*15,64",
        0.9781809449195862
      ]
    ],
    [
      [
        [
          49,
          636
        ],
        [
          199,
          636
        ],
        [
          199,
          680
        ],
        [
          49,
          680
        ]
      ],
      [
        "TOPLAM",
        0.9962461590766907
      ]
    ],
    [
      [
        [
          374,
          627
        ],
        [
          595,
          630
        ],
        [
          594,
          680
        ],
        [
          374,
          677
        ]
      ],
      [
        "*1.580,00",
        0.9915046691894531
      ]
    ],
    [
      [
        [
          46,
          735
        ],
        [
          146,
          735
        ],
        [
          146,
          786
        ],
        [
          46,
          786
        ]
      ],
      [
        "KREDi",
        0.945931613445282
      ]
    ],
    [
      [
        [
          432,
          733
        ],
        [
          599,
          733
        ],
        [
          599,
          781
        ],
        [
          432,
          781
        ]
      ],
      [
        "*1.580,00",
        0.9820783138275146
      ]
    ],
    [
      [
        [
          64,
          790
        ],
        [
          231,
          788
        ],
        [
          232,
          829
        ],
        [
          65,
          831
        ]
      ],
      [
        "VAKIFBANK",
        0.995665967464447
      ]
    ],
    [
      [
        [
          63,
          834
        ],
        [
          353,
          834
        ],
        [
          353,
          877
        ],
        [
          63,
          877
        ]
      ],
      [
        "************2911",
        0.895478367805481
      ]
    ],
    [
      [
        [
          49,
          906
        ],
        [
          334,
          904
        ],
        [
          335,
          948
        ],
        [
          50,
          950
        ]
      ],
      [
        "T.SICIL NO:0000",
        0.9466390013694763
      ]
    ],
    [
      [
        [
          62,
          955
        ],
        [
          399,
          955
        ],
        [
          399,
          1001
        ],
        [
          62,
          1001
        ]
      ],
      [
        "www.hakangurme.com.",
        0.9896737933158875
      ]
    ],
    [
      [
        [
          50,
          1001
        ],
        [
          249,
          1001
        ],
        [
          249,
          1042
        ],
        [
          50,
          1042
        ]
      ],
      [
        "EKUNO:0001",
        0.941683292388916
      ]
    ],
    [
      [
        [
          445,
          993
        ],
        [
          610,
          990
        ],
        [
          611,
          1031
        ],
        [
          446,
          1034
        ]
      ],
      [
        "Z NO:3718",
        0.9277422428131104
      ]
    ],
    [
      [
        [
          428,
          1117
        ],
        [
          610,
          1111
        ],
        [
          611,
          1145
        ],
        [
          429,
          1151
        ]
      ],
      [
        "POSNO:01822869",
