{
  "status": "success",
  "image_width": 564,
  "image_height": 1600,
  "detections": [
    [
      [
        [
          2,
          0
        ],
        [
          498,
          0
        ],
        [
          499,
          55
        ],
        [
          2,
          58
        ]
      ],
      [
        "TANKAR OTOMOTIV PETROL",
        0.9198757410049438
      ]
    ],
    [
      [
        [
          0,
          34
        ],
        [
          513,
          24
        ],
        [
          515,
          95
        ],
        [
          0,
          105
        ]
      ],
      [
        "GID INGAAT SAN VE TIC LTD ST",
        0.8356053233146667
      ]
    ],
    [
      [
        [
          68,
          82
        ],
        [
          415,
          87
        ],
        [
          415,
          139
        ],
        [
          67,
          134
        ]
      ],
      [
        "REFIK SEVKET INCE MH.",
        0.9290684461593628
      ]
    ],
    [
      [
        [
          118,
          128
        ],
        [
          383,
          131
        ],
        [
          382,
          183
        ],
        [
          117,
          180
        ]
      ],
      [
        "2148/9SK. NO:4",
        0.8883972764015198
      ]
    ],
    [
      [
        [
          118,
          170
        ],
        [
          399,
          170
        ],
        [
          399,
          225
        ],
        [
          118,
          225
        ]
      ],
      [
        "BAYRAKLI IZMiR",
        0.8979767560958862
      ]
    ],
    [
      [
        [
          13,
          211
        ],
        [
          474,
          211
        ],
        [
          474,
          278
        ],
        [
          13,
          278
        ]
      ],
      [
        "GAZIEMIR VERGI DAIRESI MUD.",
        0.9114812016487122
      ]
    ],
    [
      [
        [
          166,
          264
        ],
        [
          348,
          260
        ],
        [
          349,
          313
        ],
        [
          167,
          317
        ]
      ],
      [
        "8200045128",
        0.9974939227104187
      ]
    ],
    [
      [
        [
          295,
          310
        ],
        [
          534,
          321
        ],
        [
          531,
          384
        ],
        [
          292,
          373
        ]
      ],
      [
        "FiS NO: 0611",
        0.8650317192077637
      ]
    ],
    [
      [
        [
          0,
          323
        ],
        [
          168,
          327
        ],
        [
          167,
          377
        ],
        [
          0,
          373
        ]
      ],
      [
        "11-03-2026",
        0.9957880973815918
      ]
    ],
    [
      [
        [
          0,
          369
        ],
        [
          170,
          369
        ],
        [
          170,
          425
        ],
        [
          0,
          425
        ]
      ],
      [
        "SAAT 17:49",
        0.9324309229850769
      ]
    ],
    [
      [
        [
          0,
          433
        ],
        [
          266,
          424
        ],
        [
          268,
          478
        ],
        [
          0,
          487
        ]
      ],
      [
        "YIKAMA(OTCMATIK)",
        0.83469557762146
      ]
    ],
    [
      [
        [
          335,
          426
        ],
        [
          538,
          423
        ],
        [
          539,
          483
        ],
        [
          336,
          486
        ]
      ],
      [
        "20*250,00",
        0.9177675247192383
      ]
    ],
    [
      [
        [
          0,
          481
        ],
        [
          355,
          470
        ],
        [
          357,
          527
        ],
        [
          0,
          538
        ]
      ],
      [
        "BarkoP0S-2.0.14.70",
        0.900888204574585
      ]
    ],
    [
      [
        [
          409,
          513
        ],
        [
          546,
          513
        ],
        [
          546,
          567
        ],
        [
          409,
          567
        ]
      ],
      [
        "*250,00",
        0.9552931189537048
      ]
    ],
    [
      [
        [
          0,
          528
        ],
        [
          155,
          531
        ],
        [
          154,
          585
        ],
        [
          0,
          582
        ]
      ],
      [
        "ARATOPLAM",
        0.9963808059692383
      ]
    ],
    [
      [
        [
          385,
          564
        ],
        [
          549,
          562
        ],
        [
          551,
          637
        ],
        [
          387,
          639
        ]
      ],
      [
        "*41.67",
        0.7824883460998535
      ]
    ],
    [
      [
        [
          0,
          586
        ],
        [
          69,
          586
        ],
        [
          69,
          649
        ],
        [
          0,
          649
        ]
      ],
      [
        "KDV",
        0.8040993809700012
      ]
    ],
    [
      [
        [
          366,
          617
        ],
        [
          549,
          611
        ],
        [
          551,
          685
        ],
        [
          368,
          691
        ]
      ],
      [
        "¥250,00",
        0.8111924529075623
      ]
    ],
    [
      [
        [
          0,
          632
        ],
        [
          73,
          632
        ],
        [
          73,
          703
        ],
        [
          0,
          703
        ]
      ],
      [
        "TOP",
        0.5111932158470154
      ]
    ],
    [
      [
        [
          407,
          672
        ],
        [
          547,
          672
        ],
        [
          547,
          735
        ],
        [
          407,
          735
        ]
      ],
      [
        "*250,00",
        0.923237681388855
      ]
    ],
    [
      [
        [
          0,
          693
        ],
        [
          125,
          691
        ],
        [
          126,
          746
        ],
        [
          0,
          748
        ]
      ],
      [
        "EFT-FOS",
        0.8809868097305298
      ]
    ],
    [
      [
        [
          99,
          781
        ],
        [
          391,
          769
        ],
        [
          392,
          807
        ],
        [
          101,
          819
        ]
      ],
      [
        "T.VAKIFLAR CRNKASI T.R.O.",
        0.7886000871658325
      ]
    ],
    [
      [
        [
          347,
          798
        ],
        [
          494,
          790
        ],
        [
          496,
          828
        ],
        [
          349,
          836
        ]
      ],
      [
        "POS:01413941",
        0.9595575332641602
      ]
    ],
    [
      [
        [
          22,
          810
        ],
        [
          291,
          798
        ],
        [
          292,
          838
        ],
        [
          24,
          850
        ]
      ],
      [
        "1SYER1:1223001130506",
        0.8590957522392273
      ]
    ],
    [
      [
        [
          449,
          823
        ],
        [
          495,
          823
        ],
        [
          495,
          854
        ],
        [
          449,
          854
        ]
      ],
      [
        "L11",
        0.8954091668128967
      ]
    ],
    [
      [
        [
          22,
          837
        ],
        [
          199,
          831
        ],
        [
          200,
          868
        ],
        [
          23,
          874
        ]
      ],
      [
        "BATCH NO:000569",
        0.940739631652832
      ]
    ],
    [
      [
        [
          291,
          856
        ],
        [
          301,
          861
        ],
        [
          293,
          878
        ],
        [
          283,
          873
        ]
      ],
      [
        "",
        0.0
