{
  "status": "success",
  "image_width": 1080,
  "image_height": 1920,
  "detections": [
    [
      [
        [
          196,
          86
        ],
        [
          768,
          82
        ],
        [
          768,
          131
        ],
        [
          197,
          135
        ]
      ],
      [
        "BIM BIRLESIK MAGAZALAR A.S.",
        0.9598009586334229
      ]
    ],
    [
      [
        [
          220,
          124
        ],
        [
          773,
          120
        ],
        [
          773,
          166
        ],
        [
          221,
          170
        ]
      ],
      [
        "Erzene Mah. 8.Sok.No:48/A",
        0.9497407674789429
      ]
    ],
    [
      [
        [
          355,
          156
        ],
        [
          634,
          162
        ],
        [
          633,
          208
        ],
        [
          354,
          202
        ]
      ],
      [
        "Bornova/izmir",
        0.9861042499542236
      ]
    ],
    [
      [
        [
          153,
          188
        ],
        [
          837,
          196
        ],
        [
          836,
          247
        ],
        [
          153,
          239
        ]
      ],
      [
        "BUYUK MUKELLEFLER VDM 1750051846",
        0.9559990763664246
      ]
    ],
    [
      [
        [
          82,
          259
        ],
        [
          218,
          259
        ],
        [
          218,
          306
        ],
        [
          82,
          306
        ]
      ],
      [
        "TARIH",
        0.9767125248908997
      ]
    ],
    [
      [
        [
          245,
          254
        ],
        [
          518,
          262
        ],
        [
          516,
          314
        ],
        [
          244,
          306
        ]
      ],
      [
        ":06.04.2026",
        0.9733775854110718
      ]
    ],
    [
      [
        [
          79,
          298
        ],
        [
          190,
          298
        ],
        [
          190,
          340
        ],
        [
          79,
          340
        ]
      ],
      [
        "SAAT",
        0.9916465282440186
      ]
    ],
    [
      [
        [
          263,
          303
        ],
        [
          282,
          313
        ],
        [
          270,
          336
        ],
        [
          251,
          327
        ]
      ],
      [
        "",
        0.0
      ]
    ],
    [
      [
        [
          287,
          296
        ],
        [
          413,
          296
        ],
        [
          413,
          337
        ],
        [
          287,
          337
        ]
      ],
      [
        "19:49",
        0.9715134501457214
      ]
    ],
    [
      [
        [
          73,
          330
        ],
        [
          240,
          328
        ],
        [
          240,
          379
        ],
        [
          74,
          381
        ]
      ],
      [
        "FiS NO",
        0.8161868453025818
      ]
    ],
    [
      [
        [
          249,
          336
        ],
        [
          303,
          336
        ],
        [
          303,
          370
        ],
        [
          249,
          370
        ]
      ],
      [
        "：",
        0.698016345500946
      ]
    ],
    [
      [
        [
          285,
          327
        ],
        [
          391,
          327
        ],
        [
          391,
          372
        ],
        [
          285,
          372
        ]
      ],
      [
        "0322",
        0.9969976544380188
      ]
    ],
    [
      [
        [
          331,
          395
        ],
        [
          555,
          405
        ],
        [
          552,
          462
        ],
        [
          329,
          452
        ]
      ],
      [
        "BILGI FiSI",
        0.8290853500366211
      ]
    ],
    [
      [
        [
          58,
          493
        ],
        [
          516,
          495
        ],
        [
          516,
          547
        ],
        [
          57,
          545
        ]
      ],
      [
        "TUR : E-ARSIV FATURA",
        0.9321823120117188
      ]
    ],
    [
      [
        [
          54,
          536
        ],
        [
          323,
          533
        ],
        [
          324,
          588
        ],
        [
          55,
          591
        ]
      ],
      [
        "MUSTERI VKN",
        0.9544724822044373
      ]
    ],
    [
      [
        [
          370,
          535
        ],
        [
          652,
          539
        ],
        [
          652,
          588
        ],
        [
          369,
          584
        ]
      ],
      [
        "：11111111111",
        0.9889662861824036
      ]
    ],
    [
      [
        [
          51,
          622
        ],
        [
          677,
          615
        ],
        [
          677,
          670
        ],
        [
          52,
          677
        ]
      ],
      [
        "FATURA NO:T042026037943998",
        0.9634569883346558
      ]
    ],
    [
      [
        [
          52,
          705
        ],
        [
          502,
          697
        ],
        [
          503,
          752
        ],
        [
          53,
          760
        ]
      ],
      [
        "YUMURTA 10 LU 63-73G",
        0.9449006915092468
      ]
    ],
    [
      [
        [
          571,
          696
        ],
        [
          647,
          696
        ],
        [
          647,
          747
        ],
        [
          571,
          747
        ]
      ],
      [
        "%01",
        0.9512848258018494
      ]
    ],
    [
      [
        [
          820,
          701
        ],
        [
          966,
          707
        ],
        [
          965,
          757
        ],
        [
          818,
          751
        ]
      ],
      [
        "*87,50",
        0.9678844809532166
      ]
    ],
    [
      [
        [
          76,
          792
        ],
        [
          220,
          798
        ],
        [
          218,
          845
        ],
        [
          74,
          839
        ]
      ],
      [
        "TOPKDV",
        0.9883627891540527
      ]
    ],
    [
      [
        [
          838,
          788
        ],
        [
          966,
          790
        ],
        [
          965,
          838
        ],
        [
          837,
          836
        ]
      ],
      [
        "*0,87",
        0.9460409879684448
      ]
    ],
    [
      [
        [
          78,
          832
        ],
        [
          220,
          839
        ],
        [
          218,
          883
        ],
        [
          76,
          876
        ]
      ],
      [
        "TOPLAM",
        0.9973635673522949
      ]
    ],
    [
      [
        [
          817,
          827
        ],
        [
          964,
          829
        ],
        [
          963,
          876
        ],
        [
          817,
          874
        ]
      ],
      [
        "*87,50",
        0.9601613879203796
      ]
    ],
    [
      [
        [
          96,
          908
        ],
        [
          347,
          902
        ],
        [
          348,
          948
        ],
        [
          97,
          954
        ]
      ],
      [
        "KREDi KARTI",
        0.9477756023406982
      ]
    ],
    [
      [
        [
          815,
          902
        ],
        [
          960,
          902
        ],
        [
          960,
          946
        ],
        [
          815,
          946
        ]
      ],
      [
        "*87,50",
        0.961724579334259
      ]
    ],
    [
      [
        [
          50,
          942
        ],
        [
          525,
          946
        ],
        [
          525,
          998
        ],
        [
          49,
          994
        ]
      ],
      [
        "Banka Kredi Karti (1)",
