{
  "status": "success",
  "image_width": 638,
  "image_height": 1600,
  "detections": [
    [
      [
        [
          68,
          74
        ],
        [
          610,
          49
        ],
        [
          613,
          109
        ],
        [
          70,
          134
        ]
      ],
      [
        "FSREF CAN GIDA TUR INS VE TIC",
        0.9214008450508118
      ]
    ],
    [
      [
        [
          254,
          119
        ],
        [
          402,
          112
        ],
        [
          405,
          172
        ],
        [
          257,
          179
        ]
      ],
      [
        "LID SI1",
        0.6296848654747009
      ]
    ],
    [
      [
        [
          66,
          178
        ],
        [
          589,
          164
        ],
        [
          591,
          217
        ],
        [
          68,
          231
        ]
      ],
      [
        "ERZENE MH ANKARG CAD NO 172",
        0.8705121278762817
      ]
    ],
    [
      [
        [
          68,
          226
        ],
        [
          620,
          218
        ],
        [
          620,
          271
        ],
        [
          68,
          279
        ]
      ],
      [
        "EGE UNIVERSITESi D ZIRAAT FAK.",
        0.9336443543434143
      ]
    ],
    [
      [
        [
          206,
          280
        ],
        [
          456,
          270
        ],
        [
          458,
          324
        ],
        [
          208,
          334
        ]
      ],
      [
        "BORNUVA IZMIR",
        0.9088956117630005
      ]
    ],
    [
      [
        [
          47,
          327
        ],
        [
          619,
          318
        ],
        [
          620,
          377
        ],
        [
          48,
          386
        ]
      ],
      [
        "HASAN TAHSIN VERGI DAIRESI MUD.",
        0.9511834979057312
      ]
    ],
    [
      [
        [
          248,
          385
        ],
        [
          436,
          385
        ],
        [
          436,
          432
        ],
        [
          248,
          432
        ]
      ],
      [
        "3811041631",
        0.9647132158279419
      ]
    ],
    [
      [
        [
          55,
          447
        ],
        [
          240,
          451
        ],
        [
          238,
          503
        ],
        [
          53,
          499
        ]
      ],
      [
        "18-04-2026",
        0.9930137395858765
      ]
    ],
    [
      [
        [
          386,
          449
        ],
        [
          532,
          449
        ],
        [
          532,
          505
        ],
        [
          386,
          505
        ]
      ],
      [
        "iS NO:",
        0.7465992569923401
      ]
    ],
    [
      [
        [
          553,
          451
        ],
        [
          638,
          451
        ],
        [
          638,
          496
        ],
        [
          553,
          496
        ]
      ],
      [
        "0055",
        0.9981460571289062
      ]
    ],
    [
      [
        [
          53,
          500
        ],
        [
          241,
          508
        ],
        [
          239,
          556
        ],
        [
          51,
          548
        ]
      ],
      [
        "SAAT 14:36",
        0.9475072026252747
      ]
    ],
    [
      [
        [
          57,
          570
        ],
        [
          171,
          576
        ],
        [
          169,
          622
        ],
        [
          55,
          616
        ]
      ],
      [
        "ICECEK",
        0.9925909042358398
      ]
    ],
    [
      [
        [
          426,
          571
        ],
        [
          638,
          571
        ],
        [
          638,
          626
        ],
        [
          426,
          626
        ]
      ],
      [
        "%10*390,00",
        0.9354978799819946
      ]
    ],
    [
      [
        [
          54,
          626
        ],
        [
          222,
          629
        ],
        [
          222,
          659
        ],
        [
          54,
          656
        ]
      ],
      [
        "ADATODIAM",
        0.7877591848373413
      ]
    ],
    [
      [
        [
          500,
          626
        ],
        [
          637,
          622
        ],
        [
          638,
          656
        ],
        [
          501,
          660
        ]
      ],
      [
        "20000",
        0.8117586374282837
      ]
    ],
    [
      [
        [
          46,
          654
        ],
        [
          137,
          658
        ],
        [
          135,
          727
        ],
        [
          43,
          723
        ]
      ],
      [
        "KDV",
        0.961423397064209
      ]
    ],
    [
      [
        [
          474,
          656
        ],
        [
          636,
          654
        ],
        [
          637,
          725
        ],
        [
          475,
          727
        ]
      ],
      [
        "*35,45",
        0.8406054377555847
      ]
    ],
    [
      [
        [
          50,
          711
        ],
        [
          134,
          711
        ],
        [
          134,
          776
        ],
        [
          50,
          776
        ]
      ],
      [
        "TOP",
        0.9790359139442444
      ]
    ],
    [
      [
        [
          451,
          710
        ],
        [
          638,
          707
        ],
        [
          638,
          777
        ],
        [
          453,
          780
        ]
      ],
      [
        "￥390,00",
        0.8311836123466492
      ]
    ],
    [
      [
        [
          50,
          777
        ],
        [
          187,
          773
        ],
        [
          189,
          819
        ],
        [
          52,
          823
        ]
      ],
      [
        "EFT-POS",
        0.9598327279090881
      ]
    ],
    [
      [
        [
          498,
          773
        ],
        [
          638,
          773
        ],
        [
          638,
          829
        ],
        [
          498,
          829
        ]
      ],
      [
        "*390,00",
        0.9475698471069336
      ]
    ],
    [
      [
        [
          173,
          864
        ],
        [
          474,
          870
        ],
        [
          473,
          906
        ],
        [
          172,
          900
        ]
      ],
      [
        "T.VAKIFLAR BANKASII,A.0.",
        0.8080711960792542
      ]
    ],
    [
      [
        [
          90,
          896
        ],
        [
          367,
          898
        ],
        [
          367,
          932
        ],
        [
          90,
          930
        ]
      ],
      [
        "15YEK1:000400001124355",
        0.8796287775039673
      ]
    ],
    [
      [
        [
          428,
          899
        ],
        [
          584,
          901
        ],
        [
          584,
          935
        ],
        [
          428,
          933
        ]
      ],
      [
        "POS:01304250",
        0.9506816267967224
      ]
    ],
    [
      [
        [
          90,
          923
        ],
        [
          273,
          923
        ],
        [
          273,
          956
        ],
        [
          90,
          956
        ]
      ],
      [
        "BATCH NO:000609",
        0.9361345171928406
      ]
    ],
    [
      [
        [
          533,
          932
        ],
        [
          583,
          928
        ],
        [
          585,
          959
        ],
        [
          535,
          963
        ]
      ],
      [
        "L11",
        0.8722004890441895
      ]
    ],
    [
      [
        [
          93,
          951
        ],
        [
          272,
          951
        ],
        [
          272,
          981
        ],
        [
          93,
          981
        ]
      ],
      [
