{
  "status": "success",
  "image_width": 420,
  "image_height": 1442,
  "detections": [
    [
      [
        [
          34,
          9
        ],
        [
          294,
          0
        ],
        [
          297,
          31
        ],
        [
          37,
          49
        ]
      ],
      [
        "BiM BiRIESiK MAGAZALARA.S.",
        0.8825400471687317
      ]
    ],
    [
      [
        [
          47,
          41
        ],
        [
          297,
          26
        ],
        [
          300,
          62
        ],
        [
          49,
          77
        ]
      ],
      [
        "Erzene Mah.8.Sok. No:48/A",
        0.9400087594985962
      ]
    ],
    [
      [
        [
          108,
          69
        ],
        [
          232,
          63
        ],
        [
          234,
          94
        ],
        [
          109,
          100
        ]
      ],
      [
        "Bornova/izmir",
        0.9791700839996338
      ]
    ],
    [
      [
        [
          25,
          103
        ],
        [
          326,
          85
        ],
        [
          328,
          122
        ],
        [
          27,
          139
        ]
      ],
      [
        "BUYUK MiKELLEFLER VDM1750051846",
        0.9220922589302063
      ]
    ],
    [
      [
        [
          0,
          168
        ],
        [
          182,
          156
        ],
        [
          184,
          186
        ],
        [
          2,
          198
        ]
      ],
      [
        "TARiH :13.122025",
        0.9213991165161133
      ]
    ],
    [
      [
        [
          0,
          195
        ],
        [
          142,
          188
        ],
        [
          144,
          218
        ],
        [
          0,
          225
        ]
      ],
      [
        "SAAT:19:16",
        0.9536744952201843
      ]
    ],
    [
      [
        [
          0,
          220
        ],
        [
          134,
          215
        ],
        [
          135,
          245
        ],
        [
          0,
          250
        ]
      ],
      [
        "FISNO:0179",
        0.9493263363838196
      ]
    ],
    [
      [
        [
          103,
          273
        ],
        [
          200,
          262
        ],
        [
          204,
          293
        ],
        [
          107,
          304
        ]
      ],
      [
        "BILGIFISI",
        0.9469636082649231
      ]
    ],
    [
      [
        [
          0,
          322
        ],
        [
          186,
          318
        ],
        [
          187,
          355
        ],
        [
          0,
          359
        ]
      ],
      [
        "TUR : E-ARSIV FATURA",
        0.9383544921875
      ]
    ],
    [
      [
        [
          0,
          348
        ],
        [
          244,
          340
        ],
        [
          246,
          381
        ],
        [
          0,
          389
        ]
      ],
      [
        "MUISTERI WN:1",
        0.7404950261116028
      ]
    ],
    [
      [
        [
          0,
          405
        ],
        [
          256,
          397
        ],
        [
          257,
          431
        ],
        [
          0,
          439
        ]
      ],
      [
        "FATURAN0：T122025075045592",
        0.9553568363189697
      ]
    ],
    [
      [
        [
          0,
          458
        ],
        [
          88,
          464
        ],
        [
          86,
          492
        ],
        [
          0,
          486
        ]
      ],
      [
        "2×26,00",
        0.9281207323074341
      ]
    ],
    [
      [
        [
          209,
          478
        ],
        [
          248,
          478
        ],
        [
          248,
          571
        ],
        [
          209,
          571
        ]
      ],
      [
        "2",
        0.3750274181365967
      ]
    ],
    [
      [
        [
          319,
          476
        ],
        [
          383,
          476
        ],
        [
          383,
          505
        ],
        [
          319,
          505
        ]
      ],
      [
        "*52,00",
        0.9534468054771423
      ]
    ],
    [
      [
        [
          0,
          487
        ],
        [
          50,
          487
        ],
        [
          50,
          516
        ],
        [
          0,
          516
        ]
      ],
      [
        "SU5L",
        0.9921872615814209
      ]
    ],
    [
      [
        [
          327,
          503
        ],
        [
          382,
          503
        ],
        [
          382,
          532
        ],
        [
          327,
          532
        ]
      ],
      [
        "*0,50",
        0.9362970590591431
      ]
    ],
    [
      [
        [
          0,
          514
        ],
        [
          184,
          509
        ],
        [
          185,
          543
        ],
        [
          0,
          547
        ]
      ],
      [
        "ALISVERiSPOSETiBiM",
        0.9442098140716553
      ]
    ],
    [
      [
        [
          310,
          533
        ],
        [
          380,
          530
        ],
        [
          381,
          557
        ],
        [
          311,
          560
        ]
      ],
      [
        "*114,50",
        0.9746823310852051
      ]
    ],
    [
      [
        [
          0,
          546
        ],
        [
          178,
          542
        ],
        [
          179,
          569
        ],
        [
          0,
          573
        ]
      ],
      [
        "TEREYAG250GPERVIN",
        0.9657273292541504
      ]
    ],
    [
      [
        [
          213,
          562
        ],
        [
          244,
          562
        ],
        [
          244,
          593
        ],
        [
          213,
          593
        ]
      ],
      [
        "%01",
        0.8974414467811584
      ]
    ],
    [
      [
        [
          316,
          559
        ],
        [
          380,
          556
        ],
        [
          381,
          585
        ],
        [
          317,
          588
        ]
      ],
      [
        "*79,00",
        0.92911297082901
      ]
    ],
    [
      [
        [
          0,
          572
        ],
        [
          183,
          567
        ],
        [
          184,
          594
        ],
        [
          0,
          599
        ]
      ],
      [
        "YUMURTA63-72G 15Li",
        0.9498932361602783
      ]
    ],
    [
      [
        [
          213,
          592
        ],
        [
          246,
          592
        ],
        [
          246,
          622
        ],
        [
          213,
          622
        ]
      ],
      [
        "%10",
        0.8300518989562988
      ]
    ],
    [
      [
        [
          319,
          588
        ],
        [
          379,
          585
        ],
        [
          380,
          612
        ],
        [
          320,
          614
        ]
      ],
      [
        "*45,00",
        0.9571113586425781
      ]
    ],
    [
      [
        [
          0,
          601
        ],
        [
          183,
          595
        ],
        [
          184,
          622
        ],
        [
          0,
          628
        ]
      ],
      [
        "KAPIRUZGARONLEYiCi",
        0.949397623538971
      ]
    ],
    [
      [
        [
          209,
          613
        ],
        [
          250,
          613
        ],
        [
          250,
          678
        ],
        [
          209,
          678
        ]
      ],
      [
        "2",
        0.6724450588226318
      ]
    ],
    [
      [
        [
          319,
          615
        ],
        [
          379,
          613
        ],
        [
          380,
          639
        ],
        [
          320,
          641
        ]
      ],
      [
        "*59,00",
        0.9487714171409607
      ]
