{
  "status": "success",
  "image_width": 580,
  "image_height": 1498,
  "detections": [
    [
      [
        [
          49,
          0
        ],
        [
          526,
          0
        ],
        [
          525,
          38
        ],
        [
          48,
          35
        ]
      ],
      [
        "ANKAR UTUMUTIV PETROL GIDA",
        0.9214585423469543
      ]
    ],
    [
      [
        [
          15,
          25
        ],
        [
          542,
          25
        ],
        [
          542,
          78
        ],
        [
          15,
          78
        ]
      ],
      [
        "TEKSTIL HIZMET INSAAT SAN.VE",
        0.9295201301574707
      ]
    ],
    [
      [
        [
          30,
          67
        ],
        [
          554,
          58
        ],
        [
          555,
          117
        ],
        [
          31,
          126
        ]
      ],
      [
        "TIC LTD. STI.REFIK SEVKET",
        0.9020748138427734
      ]
    ],
    [
      [
        [
          1,
          117
        ],
        [
          569,
          109
        ],
        [
          569,
          155
        ],
        [
          1,
          163
        ]
      ],
      [
        "INCEMAH.2148/9 S0K.NO:435000",
        0.9626809358596802
      ]
    ],
    [
      [
        [
          140,
          155
        ],
        [
          420,
          155
        ],
        [
          420,
          199
        ],
        [
          140,
          199
        ]
      ],
      [
        "BAYRAKLI/IZMiR",
        0.9389729499816895
      ]
    ],
    [
      [
        [
          143,
          195
        ],
        [
          421,
          197
        ],
        [
          421,
          244
        ],
        [
          143,
          242
        ]
      ],
      [
        "TEL：8502153535",
        0.9706460237503052
      ]
    ],
    [
      [
        [
          74,
          236
        ],
        [
          503,
          239
        ],
        [
          502,
          296
        ],
        [
          73,
          293
        ]
      ],
      [
        "VERGI DAIRESI: GAZIEMIR",
        0.9492791891098022
      ]
    ],
    [
      [
        [
          80,
          281
        ],
        [
          482,
          277
        ],
        [
          483,
          336
        ],
        [
          81,
          341
        ]
      ],
      [
        "VKN/TCKN: 8200045128",
        0.9274927377700806
      ]
    ],
    [
      [
        [
          33,
          325
        ],
        [
          564,
          317
        ],
        [
          565,
          380
        ],
        [
          34,
          388
        ]
      ],
      [
        "MERSiSNO:0820004512800011",
        0.9350411891937256
      ]
    ],
    [
      [
        [
          43,
          377
        ],
        [
          537,
          362
        ],
        [
          539,
          422
        ],
        [
          45,
          437
        ]
      ],
      [
        "EPDKNO:BAY/939-82/35548",
        0.9812178611755371
      ]
    ],
    [
      [
        [
          66,
          425
        ],
        [
          529,
          408
        ],
        [
          531,
          466
        ],
        [
          68,
          484
        ]
      ],
      [
        "ISTASYON ADA NO:1-2-3-4",
        0.9020004868507385
      ]
    ],
    [
      [
        [
          9,
          535
        ],
        [
          189,
          535
        ],
        [
          189,
          583
        ],
        [
          9,
          583
        ]
      ],
      [
        "09-03-2026",
        0.9946983456611633
      ]
    ],
    [
      [
        [
          9,
          580
        ],
        [
          206,
          575
        ],
        [
          207,
          620
        ],
        [
          10,
          625
        ]
      ],
      [
        "FiS NO:0148",
        0.834595263004303
      ]
    ],
    [
      [
        [
          153,
          621
        ],
        [
          403,
          614
        ],
        [
          404,
          661
        ],
        [
          154,
          668
        ]
      ],
      [
        "35KGB34",
        0.9940930008888245
      ]
    ],
    [
      [
        [
          476,
          660
        ],
        [
          580,
          650
        ],
        [
          580,
          700
        ],
        [
          481,
          709
        ]
      ],
      [
        "66,08",
        0.9681059718132019
      ]
    ],
    [
      [
        [
          14,
          674
        ],
        [
          190,
          672
        ],
        [
          191,
          717
        ],
        [
          15,
          719
        ]
      ],
      [
        "38,40LTX",
        0.819260835647583
      ]
    ],
    [
      [
        [
          334,
          703
        ],
        [
          580,
          696
        ],
        [
          580,
          743
        ],
        [
          335,
          749
        ]
      ],
      [
        "%20*2.537,47",
        0.9647919535636902
      ]
    ],
    [
      [
        [
          14,
          715
        ],
        [
          223,
          704
        ],
        [
          225,
          744
        ],
        [
          17,
          756
        ]
      ],
      [
        "MOTORINSVPD",
        0.9821255207061768
      ]
    ],
    [
      [
        [
          444,
          749
        ],
        [
          580,
          752
        ],
        [
          579,
          791
        ],
        [
          443,
          788
        ]
      ],
      [
        "*422,91",
        0.9272351264953613
      ]
    ],
    [
      [
        [
          15,
          759
        ],
        [
          78,
          762
        ],
        [
          76,
          800
        ],
        [
          14,
          797
        ]
      ],
      [
        "KDV",
        0.984958827495575
      ]
    ],
    [
      [
        [
          17,
          790
        ],
        [
          132,
          798
        ],
        [
          129,
          836
        ],
        [
          14,
          829
        ]
      ],
      [
        "TOPLAM",
        0.9947665333747864
      ]
    ],
    [
      [
        [
          407,
          784
        ],
        [
          580,
          781
        ],
        [
          580,
          820
        ],
        [
          407,
          824
        ]
      ],
      [
        "*2.537,47",
        0.9773014783859253
      ]
    ],
    [
      [
        [
          12,
          836
        ],
        [
          161,
          840
        ],
        [
          159,
          892
        ],
        [
          11,
          888
        ]
      ],
      [
        "K.KARTI:",
        0.9774697422981262
      ]
    ],
    [
      [
        [
          404,
          830
        ],
        [
          579,
          824
        ],
        [
          580,
          869
        ],
        [
          406,
          875
        ]
      ],
      [
        "*2.537,47",
        0.9509800672531128
      ]
    ],
    [
      [
        [
          3,
          953
        ],
        [
          56,
          906
        ],
        [
          75,
          927
        ],
        [
          21,
          974
        ]
      ],
      [
        "",
        0.0
      ]
    ],
    [
      [
        [
          146,
          1162
        ],
        [
          220,
          1162
        ],
        [
          220,
          1226
        ],
        [
          146,
          1226
        ]
      ],
      [
        "口",
        0.5279031991958618
      ]
    ],
    [
      [
        [
          135,
          1259
        ],
        [
          422,
          1251
        ],
        [
          423,
          1312
        ],
        [
          137,
          1320
        ]
      ],
      [
