{
  "status": "success",
  "image_width": 645,
  "image_height": 2048,
  "detections": [
    [
      [
        [
          225,
          19
        ],
        [
          459,
          14
        ],
        [
          460,
          58
        ],
        [
          226,
          63
        ]
      ],
      [
        "HAKAN KARACA",
        0.964231550693512
      ]
    ],
    [
      [
        [
          99,
          60
        ],
        [
          604,
          56
        ],
        [
          605,
          109
        ],
        [
          99,
          113
        ]
      ],
      [
        "FEVZIPASA MH.210 SK.NO:28/C",
        0.9572880268096924
      ]
    ],
    [
      [
        [
          240,
          109
        ],
        [
          440,
          106
        ],
        [
          441,
          157
        ],
        [
          240,
          160
        ]
      ],
      [
        "FOCA IZMIR",
        0.9280589818954468
      ]
    ],
    [
      [
        [
          63,
          158
        ],
        [
          622,
          152
        ],
        [
          623,
          201
        ],
        [
          64,
          207
        ]
      ],
      [
        "TEL:0232 812 3 812-05376307080",
        0.9809054136276245
      ]
    ],
    [
      [
        [
          148,
          209
        ],
        [
          528,
          200
        ],
        [
          530,
          256
        ],
        [
          149,
          265
        ]
      ],
      [
        "FOCA VD. 37960480894",
        0.9581499099731445
      ]
    ],
    [
      [
        [
          45,
          277
        ],
        [
          148,
          282
        ],
        [
          146,
          337
        ],
        [
          43,
          332
        ]
      ],
      [
        "TARIH",
        0.8690212368965149
      ]
    ],
    [
      [
        [
          242,
          281
        ],
        [
          469,
          283
        ],
        [
          468,
          334
        ],
        [
          242,
          332
        ]
      ],
      [
        ":12/04/2026",
        0.9797657132148743
      ]
    ],
    [
      [
        [
          45,
          338
        ],
        [
          127,
          338
        ],
        [
          127,
          386
        ],
        [
          45,
          386
        ]
      ],
      [
        "SAAT",
        0.9934349656105042
      ]
    ],
    [
      [
        [
          245,
          333
        ],
        [
          437,
          337
        ],
        [
          435,
          388
        ],
        [
          243,
          384
        ]
      ],
      [
        ":17:02:22",
        0.9423140287399292
      ]
    ],
    [
      [
        [
          45,
          385
        ],
        [
          166,
          392
        ],
        [
          163,
          449
        ],
        [
          41,
          442
        ]
      ],
      [
        "FiS NO",
        0.7958459258079529
      ]
    ],
    [
      [
        [
          244,
          389
        ],
        [
          362,
          389
        ],
        [
          362,
          438
        ],
        [
          244,
          438
        ]
      ],
      [
        ":0029",
        0.9317666292190552
      ]
    ],
    [
      [
        [
          46,
          461
        ],
        [
          202,
          468
        ],
        [
          200,
          504
        ],
        [
          44,
          497
        ]
      ],
      [
        "TEMEL GIDA",
        0.9612849950790405
      ]
    ],
    [
      [
        [
          389,
          475
        ],
        [
          446,
          478
        ],
        [
          444,
          511
        ],
        [
          388,
          508
        ]
      ],
      [
        "%01",
        0.9936432242393494
      ]
    ],
    [
      [
        [
          461,
          476
        ],
        [
          605,
          481
        ],
        [
          604,
          520
        ],
        [
          459,
          515
        ]
      ],
      [
        "*1.580,00",
        0.9347876310348511
      ]
    ],
    [
      [
        [
          43,
          551
        ],
        [
          197,
          558
        ],
        [
          195,
          610
        ],
        [
          41,
          603
        ]
      ],
      [
        "TOPKDV",
        0.9957243800163269
      ]
    ],
    [
      [
        [
          451,
          560
        ],
        [
          610,
          567
        ],
        [
          608,
          620
        ],
        [
          449,
          613
        ]
      ],
      [
        "*15,64",
        0.973395586013794
      ]
    ],
    [
      [
        [
          43,
          612
        ],
        [
          198,
          614
        ],
        [
          197,
          663
        ],
        [
          42,
          661
        ]
      ],
      [
        "TOPLAM",
        0.992987871170044
      ]
    ],
    [
      [
        [
          379,
          612
        ],
        [
          608,
          621
        ],
        [
          606,
          672
        ],
        [
          377,
          663
        ]
      ],
      [
        "*1.580,00",
        0.9824998378753662
      ]
    ],
    [
      [
        [
          41,
          720
        ],
        [
          142,
          720
        ],
        [
          142,
          772
        ],
        [
          41,
          772
        ]
      ],
      [
        "KREDi",
        0.9528082013130188
      ]
    ],
    [
      [
        [
          437,
          723
        ],
        [
          613,
          726
        ],
        [
          612,
          778
        ],
        [
          436,
          775
        ]
      ],
      [
        "*1.580,00",
        0.9804032444953918
      ]
    ],
    [
      [
        [
          58,
          777
        ],
        [
          229,
          775
        ],
        [
          230,
          820
        ],
        [
          59,
          822
        ]
      ],
      [
        "VAKIFBANK",
        0.9922935962677002
      ]
    ],
    [
      [
        [
          60,
          814
        ],
        [
          354,
          829
        ],
        [
          352,
          873
        ],
        [
          58,
          858
        ]
      ],
      [
        "************2911",
        0.9198793768882751
      ]
    ],
    [
      [
        [
          41,
          893
        ],
        [
          337,
          900
        ],
        [
          336,
          947
        ],
        [
          40,
          940
        ]
      ],
      [
        "T.SICIL NO:0000",
        0.9642106890678406
      ]
    ],
    [
      [
        [
          57,
          943
        ],
        [
          404,
          955
        ],
        [
          402,
          1003
        ],
        [
          55,
          991
        ]
      ],
      [
        "www.hakangurme.com.",
        0.9888519644737244
      ]
    ],
    [
      [
        [
          39,
          991
        ],
        [
          248,
          995
        ],
        [
          247,
          1039
        ],
        [
          38,
          1035
        ]
      ],
      [
        "EKUNO:0001",
        0.9621342420578003
      ]
    ],
    [
      [
        [
          452,
          1000
        ],
        [
          624,
          1000
        ],
        [
          624,
          1041
        ],
        [
          452,
          1041
        ]
      ],
      [
        "ZNO:3718",
        0.9396524429321289
      ]
    ],
    [
      [
        [
          34,
          1121
        ],
        [
          347,
          1124
        ],
        [
          346,
          1164
        ],
        [
          33,
          1161
        ]
      ],
      [
        "iSYERINO:102300000090333",
