{
  "status": "success",
  "image_width": 1080,
  "image_height": 1920,
  "detections": [
    [
      [
        [
          333,
          134
        ],
        [
          688,
          132
        ],
        [
          688,
          165
        ],
        [
          334,
          167
        ]
      ],
      [
        "BIM BIRLESIK MAGAZALAR A.S.",
        0.9591725468635559
      ]
    ],
    [
      [
        [
          345,
          161
        ],
        [
          693,
          160
        ],
        [
          693,
          190
        ],
        [
          346,
          191
        ]
      ],
      [
        "Erzene Mah. 8.Sok. No:48/A",
        0.9170616865158081
      ]
    ],
    [
      [
        [
          425,
          186
        ],
        [
          605,
          189
        ],
        [
          604,
          219
        ],
        [
          425,
          216
        ]
      ],
      [
        "Bornova/izmir",
        0.9830847978591919
      ]
    ],
    [
      [
        [
          303,
          208
        ],
        [
          739,
          210
        ],
        [
          738,
          246
        ],
        [
          303,
          244
        ]
      ],
      [
        "BUYUK MUKELLEFLER VDM 1750051846",
        0.958770215511322
      ]
    ],
    [
      [
        [
          258,
          259
        ],
        [
          529,
          262
        ],
        [
          529,
          299
        ],
        [
          258,
          296
        ]
      ],
      [
        "TARIH:06.04.2026",
        0.9461241364479065
      ]
    ],
    [
      [
        [
          256,
          291
        ],
        [
          323,
          289
        ],
        [
          324,
          322
        ],
        [
          257,
          324
        ]
      ],
      [
        "SAAT",
        0.9826522469520569
      ]
    ],
    [
      [
        [
          336,
          288
        ],
        [
          459,
          291
        ],
        [
          458,
          322
        ],
        [
          335,
          319
        ]
      ],
      [
        "：19:49",
        0.9030325412750244
      ]
    ],
    [
      [
        [
          252,
          320
        ],
        [
          447,
          316
        ],
        [
          448,
          352
        ],
        [
          253,
          356
        ]
      ],
      [
        "FiS NO :0322",
        0.8789777755737305
      ]
    ],
    [
      [
        [
          406,
          379
        ],
        [
          560,
          376
        ],
        [
          561,
          424
        ],
        [
          407,
          427
        ]
      ],
      [
        "BILGI FISI",
        0.8912744522094727
      ]
    ],
    [
      [
        [
          245,
          470
        ],
        [
          534,
          465
        ],
        [
          535,
          511
        ],
        [
          246,
          516
        ]
      ],
      [
        "TUR:E-ARSIV FATURA",
        0.9417187571525574
      ]
    ],
    [
      [
        [
          246,
          515
        ],
        [
          434,
          511
        ],
        [
          435,
          556
        ],
        [
          247,
          560
        ]
      ],
      [
        "MUSTERI VKN",
        0.9257003664970398
      ]
    ],
    [
      [
        [
          469,
          516
        ],
        [
          535,
          516
        ],
        [
          535,
          544
        ],
        [
          469,
          544
        ]
      ],
      [
        "1111",
        0.996833086013794
      ]
    ],
    [
      [
        [
          252,
          601
        ],
        [
          645,
          592
        ],
        [
          646,
          635
        ],
        [
          253,
          644
        ]
      ],
      [
        "FATURA N0:T042026037943998",
        0.9506012201309204
      ]
    ],
    [
      [
        [
          581,
          675
        ],
        [
          626,
          675
        ],
        [
          626,
          712
        ],
        [
          581,
          712
        ]
      ],
      [
        "%01",
        0.9559510350227356
      ]
    ],
    [
      [
        [
          742,
          666
        ],
        [
          837,
          666
        ],
        [
          837,
          710
        ],
        [
          742,
          710
        ]
      ],
      [
        "*87,50",
        0.9631372094154358
      ]
    ],
    [
      [
        [
          260,
          682
        ],
        [
          536,
          675
        ],
        [
          537,
          715
        ],
        [
          261,
          722
        ]
      ],
      [
        "YUMURTA 10 LU 63-73G",
        0.9518619775772095
      ]
    ],
    [
      [
        [
          752,
          749
        ],
        [
          828,
          747
        ],
        [
          829,
          784
        ],
        [
          753,
          786
        ]
      ],
      [
        "*0,87",
        0.9279557466506958
      ]
    ],
    [
      [
        [
          282,
          761
        ],
        [
          368,
          761
        ],
        [
          368,
          797
        ],
        [
          282,
          797
        ]
      ],
      [
        "TOPKDV",
        0.988184928894043
      ]
    ],
    [
      [
        [
          740,
          784
        ],
        [
          828,
          784
        ],
        [
          828,
          823
        ],
        [
          740,
          823
        ]
      ],
      [
        "*87,50",
        0.961280345916748
      ]
    ],
    [
      [
        [
          286,
          797
        ],
        [
          371,
          797
        ],
        [
          371,
          832
        ],
        [
          286,
          832
        ]
      ],
      [
        "TOPLAM",
        0.9965305328369141
      ]
    ],
    [
      [
        [
          305,
          861
        ],
        [
          452,
          859
        ],
        [
          453,
          897
        ],
        [
          305,
          899
        ]
      ],
      [
        "KREDi KARTI",
        0.9590272307395935
      ]
    ],
    [
      [
        [
          736,
          853
        ],
        [
          821,
          853
        ],
        [
          821,
          889
        ],
        [
          736,
          889
        ]
      ],
      [
        "*87,50",
        0.9661633372306824
      ]
    ],
    [
      [
        [
          279,
          902
        ],
        [
          554,
          896
        ],
        [
          555,
          933
        ],
        [
          280,
          939
        ]
      ],
      [
        "Banka Kredi Karti (1)",
        0.878860592842102
      ]
    ],
    [
      [
        [
          281,
          975
        ],
        [
          475,
          970
        ],
        [
          476,
          1008
        ],
        [
          282,
          1013
        ]
      ],
      [
        "GARANTI BANKASI",
        0.9756303429603577
      ]
    ],
    [
      [
        [
          282,
          1011
        ],
        [
          770,
          1001
        ],
        [
          771,
          1038
        ],
        [
          282,
          1048
        ]
      ],
      [
        "1:3541628T:00695023440293******2911",
        0.937883198261261
      ]
    ],
    [
      [
        [
          281,
          1048
        ],
        [
          696,
          1039
        ],
        [
          697,
          1076
        ],
        [
          281,
          1085
        ]
      ],
      [
        "06.04.202619:48 B:12930S:8249",
        0.9582220315933228
      ]
    ],
    [
      [
        [
          280,
          1088
        ],
        [
          467,
          1085
        ],
        [
          468,
