{
  "status": "success",
  "image_width": 1080,
  "image_height": 1920,
  "detections": [
    [
      [
        [
          60,
          290
        ],
        [
          676,
          242
        ],
        [
          682,
          318
        ],
        [
          65,
          366
        ]
      ],
      [
        "TANKAR OTOMOTiV PETROL GIDA",
        0.9480766654014587
      ]
    ],
    [
      [
        [
          39,
          333
        ],
        [
          682,
          296
        ],
        [
          686,
          366
        ],
        [
          43,
          403
        ]
      ],
      [
        "TEKSTIL HIZMET INSAAT SAN. VE",
        0.9516034126281738
      ]
    ],
    [
      [
        [
          413,
          364
        ],
        [
          687,
          348
        ],
        [
          690,
          406
        ],
        [
          416,
          422
        ]
      ],
      [
        "REFIK SEVKET",
        0.9685322642326355
      ]
    ],
    [
      [
        [
          73,
          376
        ],
        [
          391,
          368
        ],
        [
          393,
          420
        ],
        [
          74,
          428
        ]
      ],
      [
        "TiC.LTD.STI.",
        0.9057745933532715
      ]
    ],
    [
      [
        [
          23,
          410
        ],
        [
          719,
          386
        ],
        [
          721,
          452
        ],
        [
          25,
          476
        ]
      ],
      [
        "INCE MAH. 2148/9 SOK.NO:4 35000",
        0.9102323055267334
      ]
    ],
    [
      [
        [
          205,
          456
        ],
        [
          531,
          445
        ],
        [
          533,
          494
        ],
        [
          207,
          505
        ]
      ],
      [
        "BAYRAKLI/ iZMIR",
        0.9128968119621277
      ]
    ],
    [
      [
        [
          209,
          495
        ],
        [
          533,
          483
        ],
        [
          535,
          530
        ],
        [
          211,
          542
        ]
      ],
      [
        "TEL：8502153535",
        0.9654979705810547
      ]
    ],
    [
      [
        [
          122,
          537
        ],
        [
          624,
          519
        ],
        [
          626,
          566
        ],
        [
          123,
          584
        ]
      ],
      [
        "VERGI DAIRESI: GAZIEMIR",
        0.9399463534355164
      ]
    ],
    [
      [
        [
          373,
          565
        ],
        [
          598,
          561
        ],
        [
          599,
          603
        ],
        [
          374,
          607
        ]
      ],
      [
        "8200045128",
        0.9985027313232422
      ]
    ],
    [
      [
        [
          134,
          575
        ],
        [
          345,
          564
        ],
        [
          347,
          612
        ],
        [
          137,
          623
        ]
      ],
      [
        "VKN/TCKN:",
        0.9829013347625732
      ]
    ],
    [
      [
        [
          70,
          611
        ],
        [
          704,
          580
        ],
        [
          707,
          637
        ],
        [
          72,
          668
        ]
      ],
      [
        "MERSIS NO:0820004512800011",
        0.9540621638298035
      ]
    ],
    [
      [
        [
          342,
          620
        ],
        [
          349,
          620
        ],
        [
          349,
          630
        ],
        [
          342,
          630
        ]
      ],
      [
        "",
        0.0
      ]
    ],
    [
      [
        [
          305,
          638
        ],
        [
          681,
          628
        ],
        [
          682,
          675
        ],
        [
          307,
          685
        ]
      ],
      [
        "BAY/939-82/35548",
        0.9964673519134521
      ]
    ],
    [
      [
        [
          94,
          655
        ],
        [
          281,
          647
        ],
        [
          282,
          693
        ],
        [
          95,
          701
        ]
      ],
      [
        "EPDK NO:",
        0.9633899331092834
      ]
    ],
    [
      [
        [
          122,
          689
        ],
        [
          669,
          665
        ],
        [
          671,
          715
        ],
        [
          125,
          739
        ]
      ],
      [
        "ISTASYON ADA NO:1-2-3-4",
        0.9608314633369446
      ]
    ],
    [
      [
        [
          642,
          756
        ],
        [
          777,
          748
        ],
        [
          780,
          806
        ],
        [
          645,
          814
        ]
      ],
      [
        "17:57",
        0.9857406616210938
      ]
    ],
    [
      [
        [
          32,
          795
        ],
        [
          264,
          783
        ],
        [
          267,
          835
        ],
        [
          35,
          847
        ]
      ],
      [
        "09-03-2026",
        0.9954551458358765
      ]
    ],
    [
      [
        [
          34,
          840
        ],
        [
          288,
          826
        ],
        [
          291,
          874
        ],
        [
          36,
          888
        ]
      ],
      [
        "FiS NO:0148",
        0.9112663269042969
      ]
    ],
    [
      [
        [
          228,
          880
        ],
        [
          515,
          861
        ],
        [
          518,
          910
        ],
        [
          231,
          929
        ]
      ],
      [
        "35KGB3",
        0.9915933609008789
      ]
    ],
    [
      [
        [
          515,
          873
        ],
        [
          546,
          873
        ],
        [
          546,
          900
        ],
        [
          515,
          900
        ]
      ],
      [
        "1",
        0.2254747897386551
      ]
    ],
    [
      [
        [
          652,
          905
        ],
        [
          784,
          898
        ],
        [
          787,
          945
        ],
        [
          655,
          952
        ]
      ],
      [
        "66,08",
        0.9749327898025513
      ]
    ],
    [
      [
        [
          41,
          938
        ],
        [
          279,
          934
        ],
        [
          280,
          986
        ],
        [
          42,
          990
        ]
      ],
      [
        "38,40LTX",
        0.8046605587005615
      ]
    ],
    [
      [
        [
          471,
          953
        ],
        [
          782,
          936
        ],
        [
          785,
          984
        ],
        [
          473,
          1001
        ]
      ],
      [
        "%20 *2.537,47",
        0.9431670308113098
      ]
    ],
    [
      [
        [
          36,
          982
        ],
        [
          327,
          970
        ],
        [
          329,
          1018
        ],
        [
          38,
          1030
        ]
      ],
      [
        "MOTORIN SVPD",
        0.962813138961792
      ]
    ],
    [
      [
        [
          610,
          996
        ],
        [
          780,
          986
        ],
        [
          783,
          1032
        ],
        [
          612,
          1042
        ]
      ],
      [
        "*422,91",
        0.9259238839149475
      ]
    ],
    [
      [
        [
          38,
          1033
        ],
        [
          124,
          1035
        ],
        [
          122,
          1084
        ],
        [
          36,
          1081
        ]
      ],
      [
        "KDV",
        0.9846327900886536
      ]
    ],
    [
      [
        [
          565,
          1037
        ],
        [
          783,
          1022
        ],
        [
          786,
          1077
        ],
        [
          569,
          1092
        ]
