{
  "status": "success",
  "image_width": 564,
  "image_height": 1600,
  "detections": [
    [
      [
        [
          6,
          0
        ],
        [
          494,
          0
        ],
        [
          495,
          51
        ],
        [
          6,
          53
        ]
      ],
      [
        "TANKAROTOMOTIV PETROL",
        0.950266420841217
      ]
    ],
    [
      [
        [
          0,
          38
        ],
        [
          509,
          28
        ],
        [
          511,
          91
        ],
        [
          0,
          101
        ]
      ],
      [
        "GIDA INGAAT SAN VE TIC LTD STI",
        0.8288497924804688
      ]
    ],
    [
      [
        [
          71,
          85
        ],
        [
          412,
          90
        ],
        [
          412,
          136
        ],
        [
          70,
          131
        ]
      ],
      [
        "REFIK SEVKET INCE MH.",
        0.8981723785400391
      ]
    ],
    [
      [
        [
          122,
          132
        ],
        [
          379,
          135
        ],
        [
          379,
          179
        ],
        [
          121,
          176
        ]
      ],
      [
        "2148/9SK. NO:4",
        0.8958128690719604
      ]
    ],
    [
      [
        [
          121,
          174
        ],
        [
          395,
          174
        ],
        [
          395,
          221
        ],
        [
          121,
          221
        ]
      ],
      [
        "BAYRAKLI IZMiR",
        0.9247661232948303
      ]
    ],
    [
      [
        [
          18,
          216
        ],
        [
          469,
          216
        ],
        [
          469,
          273
        ],
        [
          18,
          273
        ]
      ],
      [
        "GAZIEMIR VERGIDAIRESI MUD.",
        0.9137569665908813
      ]
    ],
    [
      [
        [
          169,
          267
        ],
        [
          345,
          263
        ],
        [
          346,
          310
        ],
        [
          170,
          314
        ]
      ],
      [
        "8200045128",
        0.9965910911560059
      ]
    ],
    [
      [
        [
          298,
          314
        ],
        [
          529,
          325
        ],
        [
          527,
          380
        ],
        [
          296,
          369
        ]
      ],
      [
        "FiS NO: 0611",
        0.8715940117835999
      ]
    ],
    [
      [
        [
          0,
          327
        ],
        [
          164,
          331
        ],
        [
          163,
          373
        ],
        [
          0,
          369
        ]
      ],
      [
        "11-03-2026",
        0.9960945844650269
      ]
    ],
    [
      [
        [
          0,
          373
        ],
        [
          166,
          373
        ],
        [
          166,
          421
        ],
        [
          0,
          421
        ]
      ],
      [
        "SAAT 17:49",
        0.9464107751846313
      ]
    ],
    [
      [
        [
          0,
          437
        ],
        [
          263,
          426
        ],
        [
          265,
          474
        ],
        [
          0,
          484
        ]
      ],
      [
        "YIKAMA(OTOMATIK)",
        0.8691179752349854
      ]
    ],
    [
      [
        [
          339,
          430
        ],
        [
          534,
          427
        ],
        [
          535,
          479
        ],
        [
          339,
          482
        ]
      ],
      [
        "20*250,00",
        0.8782027363777161
      ]
    ],
    [
      [
        [
          0,
          486
        ],
        [
          352,
          474
        ],
        [
          354,
          523
        ],
        [
          0,
          535
        ]
      ],
      [
        "# BarkoP0S-2.0.14.70",
        0.8415662050247192
      ]
    ],
    [
      [
        [
          413,
          517
        ],
        [
          542,
          517
        ],
        [
          542,
          563
        ],
        [
          413,
          563
        ]
      ],
      [
        "*250,00",
        0.9635948538780212
      ]
    ],
    [
      [
        [
          0,
          531
        ],
        [
          152,
          534
        ],
        [
          151,
          582
        ],
        [
          0,
          579
        ]
      ],
      [
        "ARATOPLAM",
        0.9944899678230286
      ]
    ],
    [
      [
        [
          390,
          569
        ],
        [
          545,
          567
        ],
        [
          546,
          632
        ],
        [
          391,
          634
        ]
      ],
      [
        "*41.67",
        0.9152305126190186
      ]
    ],
    [
      [
        [
          0,
          589
        ],
        [
          66,
          589
        ],
        [
          66,
          646
        ],
        [
          0,
          646
        ]
      ],
      [
        "KDV",
        0.9067133069038391
      ]
    ],
    [
      [
        [
          371,
          621
        ],
        [
          544,
          616
        ],
        [
          546,
          681
        ],
        [
          372,
          686
        ]
      ],
      [
        "￥250,00",
        0.8444811105728149
      ]
    ],
    [
      [
        [
          0,
          636
        ],
        [
          70,
          636
        ],
        [
          70,
          699
        ],
        [
          0,
          699
        ]
      ],
      [
        "TOP",
        0.6945366263389587
      ]
    ],
    [
      [
        [
          410,
          675
        ],
        [
          543,
          675
        ],
        [
          543,
          731
        ],
        [
          410,
          731
        ]
      ],
      [
        "*250,00",
        0.9411101937294006
      ]
    ],
    [
      [
        [
          0,
          696
        ],
        [
          122,
          694
        ],
        [
          123,
          743
        ],
        [
          0,
          745
        ]
      ],
      [
        "EFT-POS",
        0.8812709450721741
      ]
    ],
    [
      [
        [
          101,
          782
        ],
        [
          389,
          772
        ],
        [
          390,
          806
        ],
        [
          103,
          816
        ]
      ],
      [
        "T.VAKIFLAR ERNKASIT.R.O.",
        0.8497990965843201
      ]
    ],
    [
      [
        [
          349,
          800
        ],
        [
          492,
          793
        ],
        [
          494,
          827
        ],
        [
          351,
          833
        ]
      ],
      [
        "POS:01413941",
        0.9763221740722656
      ]
    ],
    [
      [
        [
          24,
          811
        ],
        [
          289,
          801
        ],
        [
          290,
          837
        ],
        [
          25,
          847
        ]
      ],
      [
        "1SYER1:122300001130506",
        0.9603371024131775
      ]
    ],
    [
      [
        [
          451,
          825
        ],
        [
          494,
          825
        ],
        [
          494,
          852
        ],
        [
          451,
          852
        ]
      ],
      [
        "L11",
        0.9081738591194153
      ]
    ],
    [
      [
        [
          24,
          839
        ],
        [
          197,
          833
        ],
        [
          198,
          866
        ],
        [
          25,
          872
        ]
      ],
      [
        "BATCH NO:000569",
        0.9545437693595886
      ]
    ],
    [
      [
        [
          291,
          857
        ],
        [
          301,
          862
        ],
        [
          293,
          877
        ],
        [
          284,
          872
        ]
      ],
      [
        "",
